#
# There is insufficient memory for the Java Runtime Environment to continue.
# Native memory allocation (malloc) failed to allocate 1547376 bytes. Error detail: Chunk::new
# Possible reasons:
#   The system is out of physical RAM or swap space
#   This process is running with CompressedOops enabled, and the Java Heap may be blocking the growth of the native heap
# Possible solutions:
#   Reduce memory load on the system
#   Increase physical memory or swap space
#   Check if swap backing store is full
#   Decrease Java heap size (-Xmx/-Xms)
#   Decrease number of Java threads
#   Decrease Java thread stack sizes (-Xss)
#   Set larger code cache with -XX:ReservedCodeCacheSize=
#   JVM is running with Unscaled Compressed Oops mode in which the Java heap is
#     placed in the first 4GB address space. The Java Heap base address is the
#     maximum limit for the native heap growth. Please use -XX:HeapBaseMinAddress
#     to set the Java Heap base and to place the Java Heap above 4GB virtual address.
# This output file may be truncated or incomplete.
#
#  Out of Memory Error (arena.cpp:168), pid=25724, tid=26320
#
# JRE version: OpenJDK Runtime Environment Temurin-21.0.11+10 (21.0.11+10) (build 21.0.11+10-LTS)
# Java VM: OpenJDK 64-Bit Server VM Temurin-21.0.11+10 (21.0.11+10-LTS, mixed mode, sharing, tiered, compressed oops, compressed class ptrs, g1 gc, windows-amd64)
# No core dump will be written. Minidumps are not enabled by default on client versions of Windows
#

---------------  S U M M A R Y ------------

Command Line: --add-opens=java.base/java.lang=ALL-UNNAMED --add-opens=java.base/java.lang.invoke=ALL-UNNAMED --add-opens=java.base/java.util=ALL-UNNAMED --add-opens=java.prefs/java.util.prefs=ALL-UNNAMED --add-exports=jdk.compiler/com.sun.tools.javac.api=ALL-UNNAMED --add-exports=jdk.compiler/com.sun.tools.javac.util=ALL-UNNAMED --add-opens=java.base/java.nio.charset=ALL-UNNAMED --add-opens=java.base/java.net=ALL-UNNAMED --add-opens=java.base/java.util.concurrent=ALL-UNNAMED --add-opens=java.base/java.util.concurrent.atomic=ALL-UNNAMED --add-opens=java.xml/javax.xml.namespace=ALL-UNNAMED --add-opens=java.base/java.time=ALL-UNNAMED -XX:MaxMetaspaceSize=384m -XX:+HeapDumpOnOutOfMemoryError -Xms256m -Xmx512m -Dfile.encoding=UTF-8 -Duser.country=TR -Duser.language=tr -Duser.variant -javaagent:C:\Users\PC\.gradle\wrapper\dists\gradle-9.5.1-bin\iq79hdu3mqx29lgffhp8bfmx\gradle-9.5.1\lib\agents\gradle-instrumentation-agent-9.5.1.jar org.gradle.launcher.daemon.bootstrap.GradleDaemon 9.5.1

Host: Intel(R) Core(TM) i7-8550U CPU @ 1.80GHz, 8 cores, 7G,  Windows 11 , 64 bit Build 26100 (10.0.26100.8875)
Time: Wed Jul 22 14:09:49 2026 Türkiye Standart Saati elapsed time: 850.534308 seconds (0d 0h 14m 10s)

---------------  T H R E A D  ---------------

Current thread (0x0000028927bc8380):  JavaThread "C2 CompilerThread0" daemon [_thread_in_native, id=26320, stack(0x000000e003300000,0x000000e003400000) (1024K)]


Current CompileTask:
C2:850534 19883   !   4       java.io.ObjectOutputStream::writeObject0 (620 bytes)

Stack: [0x000000e003300000,0x000000e003400000]
Native frames: (J=compiled Java code, j=interpreted, Vv=VM code, C=native code)
V  [jvm.dll+0x6d7e19]
V  [jvm.dll+0x8b5096]
V  [jvm.dll+0x8b764e]
V  [jvm.dll+0x8b7d33]
V  [jvm.dll+0x284596]
V  [jvm.dll+0xc685d]
V  [jvm.dll+0xc6da1]
V  [jvm.dll+0x3bed31]
V  [jvm.dll+0x38b2b2]
V  [jvm.dll+0x38a6fa]
V  [jvm.dll+0x24c700]
V  [jvm.dll+0x24bce0]
V  [jvm.dll+0x1cb4ae]
V  [jvm.dll+0x25baad]
V  [jvm.dll+0x25a03a]
V  [jvm.dll+0x3f868e]
V  [jvm.dll+0x85fb0d]
V  [jvm.dll+0x6d664d]
C  [ucrtbase.dll+0x2cd30]
C  [KERNEL32.DLL+0x2e957]
C  [ntdll.dll+0xaad6c]


---------------  P R O C E S S  ---------------

Threads class SMR info:
_java_thread_list=0x0000028941a1a7d0, length=77, elements={
0x000002890a9a3e50, 0x0000028927b87ca0, 0x0000028927b88700, 0x0000028927b89960,
0x0000028927b8d660, 0x0000028927b8e0c0, 0x0000028927bc68b0, 0x0000028927bc8380,
0x0000028927bcaa40, 0x0000028927e5f7b0, 0x0000028927ef3910, 0x000002894236fd50,
0x00000289426d93a0, 0x0000028942ef8f90, 0x0000028942f9ac10, 0x0000028942f991d0,
0x0000028942f9b2a0, 0x000002894475f7b0, 0x000002894475dd70, 0x000002894475fe40,
0x00000289447611f0, 0x0000028943fd6b10, 0x0000028943fd50d0, 0x0000028944a75880,
0x0000028944a79390, 0x0000028944a79a20, 0x0000028944a765a0, 0x0000028944a7a0b0,
0x0000028944a7add0, 0x00000289478110d0, 0x000002894780f000, 0x0000028947812480,
0x0000028947811df0, 0x000002894780f690, 0x0000028947815270, 0x00000289478131a0,
0x0000028947814be0, 0x0000028947815900, 0x0000028941eaaf40, 0x0000028941eabc60,
0x0000028941eab5d0, 0x00000289478103b0, 0x0000028941ea87e0, 0x0000028941eac2f0,
0x0000028941eadd30, 0x0000028941eaea50, 0x0000028941eaf0e0, 0x0000028941eafe00,
0x0000028941eae3c0, 0x0000028944a75f10, 0x0000028944a7baf0, 0x0000028944a7b460,
0x0000028944a78670, 0x0000028944a7c180, 0x0000028944a7cea0, 0x0000028943fd5760,
0x0000028943fd6480, 0x0000028943fd71a0, 0x0000028943fd7830, 0x0000028943fd4a40,
0x0000028942f99ef0, 0x0000028942f9bfc0, 0x0000028942f9c650, 0x0000028942f9a580,
0x0000028944760b60, 0x0000028945e81420, 0x0000028945e81ab0, 0x0000028945e82140,
0x0000028945e827d0, 0x0000028945e82e60, 0x0000028945e7f9e0, 0x0000028945e84210,
0x0000028945e7f350, 0x0000028945e848a0, 0x0000028945e834f0, 0x0000028945e855c0,
0x0000028945e84f30
}

Java Threads: ( => current thread )
  0x000002890a9a3e50 JavaThread "main"                              [_thread_blocked, id=24168, stack(0x000000e002500000,0x000000e002600000) (1024K)]
  0x0000028927b87ca0 JavaThread "Reference Handler"          daemon [_thread_blocked, id=22872, stack(0x000000e002d00000,0x000000e002e00000) (1024K)]
  0x0000028927b88700 JavaThread "Finalizer"                  daemon [_thread_blocked, id=25900, stack(0x000000e002e00000,0x000000e002f00000) (1024K)]
  0x0000028927b89960 JavaThread "Signal Dispatcher"          daemon [_thread_blocked, id=25188, stack(0x000000e002f00000,0x000000e003000000) (1024K)]
  0x0000028927b8d660 JavaThread "Attach Listener"            daemon [_thread_blocked, id=25980, stack(0x000000e003000000,0x000000e003100000) (1024K)]
  0x0000028927b8e0c0 JavaThread "Service Thread"             daemon [_thread_blocked, id=2924, stack(0x000000e003100000,0x000000e003200000) (1024K)]
  0x0000028927bc68b0 JavaThread "Monitor Deflation Thread"   daemon [_thread_blocked, id=6380, stack(0x000000e003200000,0x000000e003300000) (1024K)]
=>0x0000028927bc8380 JavaThread "C2 CompilerThread0"         daemon [_thread_in_native, id=26320, stack(0x000000e003300000,0x000000e003400000) (1024K)]
  0x0000028927bcaa40 JavaThread "C1 CompilerThread0"         daemon [_thread_blocked, id=18288, stack(0x000000e003400000,0x000000e003500000) (1024K)]
  0x0000028927e5f7b0 JavaThread "Common-Cleaner"             daemon [_thread_blocked, id=23320, stack(0x000000e003500000,0x000000e003600000) (1024K)]
  0x0000028927ef3910 JavaThread "Notification Thread"        daemon [_thread_blocked, id=19460, stack(0x000000e003600000,0x000000e003700000) (1024K)]
  0x000002894236fd50 JavaThread "Daemon health stats"               [_thread_blocked, id=5056, stack(0x000000e003c00000,0x000000e003d00000) (1024K)]
  0x00000289426d93a0 JavaThread "Incoming local TCP Connector on port 60344"        [_thread_in_native, id=3608, stack(0x000000e003d00000,0x000000e003e00000) (1024K)]
  0x0000028942ef8f90 JavaThread "Daemon periodic checks"            [_thread_blocked, id=5804, stack(0x000000e003e00000,0x000000e003f00000) (1024K)]
  0x0000028942f9ac10 JavaThread "Cache worker for journal cache (C:\Users\PC\.gradle\caches\journal-1)"        [_thread_blocked, id=13428, stack(0x000000e004600000,0x000000e004700000) (1024K)]
  0x0000028942f991d0 JavaThread "File lock request listener"        [_thread_in_native, id=14280, stack(0x000000e004700000,0x000000e004800000) (1024K)]
  0x0000028942f9b2a0 JavaThread "Cache worker for file hash cache (C:\Users\PC\.gradle\caches\9.5.1\fileHashes)"        [_thread_blocked, id=6296, stack(0x000000e004800000,0x000000e004900000) (1024K)]
  0x000002894475f7b0 JavaThread "File watcher server"        daemon [_thread_in_native, id=10552, stack(0x000000e004f00000,0x000000e005000000) (1024K)]
  0x000002894475dd70 JavaThread "File watcher consumer"      daemon [_thread_blocked, id=26220, stack(0x000000e005000000,0x000000e005100000) (1024K)]
  0x000002894475fe40 JavaThread "Cache worker for file content cache (C:\Users\PC\.gradle\caches\9.5.1\fileContent)"        [_thread_blocked, id=20444, stack(0x000000e005100000,0x000000e005200000) (1024K)]
  0x00000289447611f0 JavaThread "jar transforms"                    [_thread_blocked, id=23848, stack(0x000000e005500000,0x000000e005600000) (1024K)]
  0x0000028943fd6b10 JavaThread "jar transforms Thread 2"           [_thread_blocked, id=24032, stack(0x000000e005600000,0x000000e005700000) (1024K)]
  0x0000028943fd50d0 JavaThread "jar transforms Thread 3"           [_thread_blocked, id=18604, stack(0x000000e005700000,0x000000e005800000) (1024K)]
  0x0000028944a75880 JavaThread "jar transforms Thread 4"           [_thread_blocked, id=15600, stack(0x000000e005800000,0x000000e005900000) (1024K)]
  0x0000028944a79390 JavaThread "jar transforms Thread 5"           [_thread_blocked, id=16712, stack(0x000000e006100000,0x000000e006200000) (1024K)]
  0x0000028944a79a20 JavaThread "jar transforms Thread 6"           [_thread_blocked, id=25360, stack(0x000000e006200000,0x000000e006300000) (1024K)]
  0x0000028944a765a0 JavaThread "jar transforms Thread 7"           [_thread_blocked, id=18492, stack(0x000000e006300000,0x000000e006400000) (1024K)]
  0x0000028944a7a0b0 JavaThread "jar transforms Thread 8"           [_thread_blocked, id=20912, stack(0x000000e006400000,0x000000e006500000) (1024K)]
  0x0000028944a7add0 JavaThread "Memory manager"                    [_thread_blocked, id=13884, stack(0x000000e006700000,0x000000e006800000) (1024K)]
  0x00000289478110d0 JavaThread "Daemon Thread 4"                   [_thread_blocked, id=24660, stack(0x000000e002300000,0x000000e002400000) (1024K)]
  0x000002894780f000 JavaThread "Handler for socket connection from /127.0.0.1:60344 to /127.0.0.1:55143"        [_thread_in_native, id=13456, stack(0x000000e002400000,0x000000e002500000) (1024K)]
  0x0000028947812480 JavaThread "Cancel handler"                    [_thread_blocked, id=16716, stack(0x000000e003f00000,0x000000e004000000) (1024K)]
  0x0000028947811df0 JavaThread "Daemon worker Thread 4"            [_thread_blocked, id=8304, stack(0x000000e004000000,0x000000e004100000) (1024K)]
  0x000002894780f690 JavaThread "Asynchronous log dispatcher for DefaultDaemonConnection: socket connection from /127.0.0.1:60344 to /127.0.0.1:55143"        [_thread_blocked, id=24316, stack(0x000000e004100000,0x000000e004200000) (1024K)]
  0x0000028947815270 JavaThread "Stdin handler"                     [_thread_blocked, id=23872, stack(0x000000e004200000,0x000000e004300000) (1024K)]
  0x00000289478131a0 JavaThread "Daemon client event forwarder"        [_thread_blocked, id=2588, stack(0x000000e004300000,0x000000e004400000) (1024K)]
  0x0000028947814be0 JavaThread "Cache worker for file hash cache (C:\Users\PC\IdeaProjects\appointment-service\.gradle\9.5.1\fileHashes)"        [_thread_blocked, id=16744, stack(0x000000e004400000,0x000000e004500000) (1024K)]
  0x0000028947815900 JavaThread "Cache worker for Build Output Cleanup Cache (C:\Users\PC\IdeaProjects\appointment-service\.gradle\buildOutputCleanup)"        [_thread_blocked, id=26276, stack(0x000000e004500000,0x000000e004600000) (1024K)]
  0x0000028941eaaf40 JavaThread "Cache worker for checksums cache (C:\Users\PC\IdeaProjects\appointment-service\.gradle\9.5.1\checksums)"        [_thread_blocked, id=18804, stack(0x000000e004900000,0x000000e004a00000) (1024K)]
  0x0000028941eabc60 JavaThread "Cache worker for cache directory md-supplier (C:\Users\PC\.gradle\caches\9.5.1\md-supplier)"        [_thread_blocked, id=15000, stack(0x000000e004d00000,0x000000e004e00000) (1024K)]
  0x0000028941eab5d0 JavaThread "Cache worker for cache directory md-rule (C:\Users\PC\.gradle\caches\9.5.1\md-rule)"        [_thread_blocked, id=15496, stack(0x000000e004e00000,0x000000e004f00000) (1024K)]
  0x00000289478103b0 JavaThread "Build operations"                  [_thread_blocked, id=14052, stack(0x000000e005300000,0x000000e005400000) (1024K)]
  0x0000028941ea87e0 JavaThread "Build operations Thread 2"         [_thread_blocked, id=5532, stack(0x000000e005400000,0x000000e005500000) (1024K)]
  0x0000028941eac2f0 JavaThread "Build operations Thread 3"         [_thread_blocked, id=16008, stack(0x000000e005900000,0x000000e005a00000) (1024K)]
  0x0000028941eadd30 JavaThread "Build operations Thread 4"         [_thread_blocked, id=19076, stack(0x000000e005a00000,0x000000e005b00000) (1024K)]
  0x0000028941eaea50 JavaThread "Build operations Thread 5"         [_thread_blocked, id=4676, stack(0x000000e005b00000,0x000000e005c00000) (1024K)]
  0x0000028941eaf0e0 JavaThread "Build operations Thread 6"         [_thread_blocked, id=24456, stack(0x000000e005c00000,0x000000e005d00000) (1024K)]
  0x0000028941eafe00 JavaThread "Build operations Thread 7"         [_thread_blocked, id=2816, stack(0x000000e005d00000,0x000000e005e00000) (1024K)]
  0x0000028941eae3c0 JavaThread "Build operations Thread 8"         [_thread_blocked, id=1944, stack(0x000000e005e00000,0x000000e005f00000) (1024K)]
  0x0000028944a75f10 JavaThread "ForkJoinPool.commonPool-worker-11" daemon [_thread_blocked, id=19048, stack(0x000000e005f00000,0x000000e006000000) (1024K)]
  0x0000028944a7baf0 JavaThread "ForkJoinPool.commonPool-worker-12" daemon [_thread_blocked, id=16876, stack(0x000000e006000000,0x000000e006100000) (1024K)]
  0x0000028944a7b460 JavaThread "ForkJoinPool.commonPool-worker-13" daemon [_thread_blocked, id=24332, stack(0x000000e006500000,0x000000e006600000) (1024K)]
  0x0000028944a78670 JavaThread "ForkJoinPool.commonPool-worker-14" daemon [_thread_blocked, id=1704, stack(0x000000e006600000,0x000000e006700000) (1024K)]
  0x0000028944a7c180 JavaThread "ForkJoinPool.commonPool-worker-15" daemon [_thread_blocked, id=23216, stack(0x000000e006800000,0x000000e006900000) (1024K)]
  0x0000028944a7cea0 JavaThread "ForkJoinPool.commonPool-worker-16" daemon [_thread_blocked, id=7504, stack(0x000000e006900000,0x000000e006a00000) (1024K)]
  0x0000028943fd5760 JavaThread "ForkJoinPool.commonPool-worker-17" daemon [_thread_blocked, id=3076, stack(0x000000e006a00000,0x000000e006b00000) (1024K)]
  0x0000028943fd6480 JavaThread "included builds"                   [_thread_blocked, id=18924, stack(0x000000e006b00000,0x000000e006c00000) (1024K)]
  0x0000028943fd71a0 JavaThread "Execution worker"                  [_thread_blocked, id=11120, stack(0x000000e006c00000,0x000000e006d00000) (1024K)]
  0x0000028943fd7830 JavaThread "Execution worker Thread 2"         [_thread_blocked, id=17880, stack(0x000000e006d00000,0x000000e006e00000) (1024K)]
  0x0000028943fd4a40 JavaThread "Execution worker Thread 3"         [_thread_blocked, id=17420, stack(0x000000e006e00000,0x000000e006f00000) (1024K)]
  0x0000028942f99ef0 JavaThread "Execution worker Thread 4"         [_thread_blocked, id=616, stack(0x000000e006f00000,0x000000e007000000) (1024K)]
  0x0000028942f9bfc0 JavaThread "Execution worker Thread 5"         [_thread_blocked, id=19536, stack(0x000000e007000000,0x000000e007100000) (1024K)]
  0x0000028942f9c650 JavaThread "Execution worker Thread 6"         [_thread_blocked, id=19552, stack(0x000000e007100000,0x000000e007200000) (1024K)]
  0x0000028942f9a580 JavaThread "Execution worker Thread 7"         [_thread_blocked, id=824, stack(0x000000e007200000,0x000000e007300000) (1024K)]
  0x0000028944760b60 JavaThread "Cache worker for execution history cache (C:\Users\PC\IdeaProjects\appointment-service\.gradle\9.5.1\executionHistory)"        [_thread_blocked, id=7228, stack(0x000000e007300000,0x000000e007400000) (1024K)]
  0x0000028945e81420 JavaThread "Dispatch org.gradle.api.internal.tasks.testing.results.AttachParentTestResultProcessor@6cdb372f"        [_thread_in_native, id=25452, stack(0x000000e007400000,0x000000e007500000) (1024K)]
  0x0000028945e81ab0 JavaThread "Dispatch org.gradle.api.internal.tasks.testing.processors.RestartEveryNTestDefinitionProcessor@5dbb6cb2"        [_thread_blocked, id=15788, stack(0x000000e007500000,0x000000e007600000) (1024K)]
  0x0000028945e82140 JavaThread "Incoming local TCP Connector on port 55154"        [_thread_blocked, id=18008, stack(0x000000e007600000,0x000000e007700000) (1024K)]
  0x0000028945e827d0 JavaThread "Exec process"                      [_thread_in_native, id=18672, stack(0x000000e007700000,0x000000e007800000) (1024K)]
  0x0000028945e82e60 JavaThread "Exec process Thread 2"             [_thread_blocked, id=14044, stack(0x000000e007900000,0x000000e007a00000) (1024K)]
  0x0000028945e7f9e0 JavaThread "Exec process Thread 3"             [_thread_in_native, id=16352, stack(0x000000e007a00000,0x000000e007b00000) (1024K)]
  0x0000028945e84210 JavaThread "Exec process Thread 4"             [_thread_in_native, id=208, stack(0x000000e007b00000,0x000000e007c00000) (1024K)]
  0x0000028945e7f350 JavaThread "/127.0.0.1:55154 to /127.0.0.1:55155 workers"        [_thread_blocked, id=12284, stack(0x000000e005200000,0x000000e005300000) (1024K)]
  0x0000028945e848a0 JavaThread "/127.0.0.1:55154 to /127.0.0.1:55155 workers Thread 2"        [_thread_blocked, id=6700, stack(0x000000e007800000,0x000000e007900000) (1024K)]
  0x0000028945e834f0 JavaThread "/127.0.0.1:55154 to /127.0.0.1:55155 workers Thread 3"        [_thread_blocked, id=6936, stack(0x000000e007c00000,0x000000e007d00000) (1024K)]
  0x0000028945e855c0 JavaThread "/127.0.0.1:55154 to /127.0.0.1:55155 workers Thread 4"        [_thread_blocked, id=9884, stack(0x000000e007d00000,0x000000e007e00000) (1024K)]
  0x0000028945e84f30 JavaThread "File lock release action executor Thread 3"        [_thread_blocked, id=9704, stack(0x000000e007e00000,0x000000e007f00000) (1024K)]
Total: 77

Other Threads:
  0x0000028927b6c7d0 VMThread "VM Thread"                           [id=1492, stack(0x000000e002c00000,0x000000e002d00000) (1024K)]
  0x0000028927b593d0 WatcherThread "VM Periodic Task Thread"        [id=25444, stack(0x000000e002b00000,0x000000e002c00000) (1024K)]
  0x000002890cce8850 WorkerThread "GC Thread#0"                     [id=25212, stack(0x000000e002600000,0x000000e002700000) (1024K)]
  0x000002894187c3d0 WorkerThread "GC Thread#1"                     [id=11216, stack(0x000000e003700000,0x000000e003800000) (1024K)]
  0x000002894187c780 WorkerThread "GC Thread#2"                     [id=2420, stack(0x000000e003800000,0x000000e003900000) (1024K)]
  0x000002894187cb30 WorkerThread "GC Thread#3"                     [id=9280, stack(0x000000e003900000,0x000000e003a00000) (1024K)]
  0x0000028941996d10 WorkerThread "GC Thread#4"                     [id=9400, stack(0x000000e003a00000,0x000000e003b00000) (1024K)]
  0x00000289419970c0 WorkerThread "GC Thread#5"                     [id=9272, stack(0x000000e003b00000,0x000000e003c00000) (1024K)]
  0x00000289435d8bf0 WorkerThread "GC Thread#6"                     [id=25924, stack(0x000000e004a00000,0x000000e004b00000) (1024K)]
  0x00000289435d9350 WorkerThread "GC Thread#7"                     [id=13852, stack(0x000000e004b00000,0x000000e004c00000) (1024K)]
  0x000002890cced840 ConcurrentGCThread "G1 Main Marker"            [id=14880, stack(0x000000e002700000,0x000000e002800000) (1024K)]
  0x000002890ccef1d0 WorkerThread "G1 Conc#0"                       [id=26476, stack(0x000000e002800000,0x000000e002900000) (1024K)]
  0x00000289435d8fa0 WorkerThread "G1 Conc#1"                       [id=14788, stack(0x000000e004c00000,0x000000e004d00000) (1024K)]
  0x0000028927a2c220 ConcurrentGCThread "G1 Refine#0"               [id=11952, stack(0x000000e002900000,0x000000e002a00000) (1024K)]
  0x0000028927a2ca50 ConcurrentGCThread "G1 Service"                [id=11244, stack(0x000000e002a00000,0x000000e002b00000) (1024K)]
Total: 15

Threads with active compile tasks:
C2 CompilerThread0  850594 19883   !   4       java.io.ObjectOutputStream::writeObject0 (620 bytes)
Total: 1

VM state: not at safepoint (normal execution)

VM Mutex/Monitor currently owned by a thread: None

Heap address: 0x00000000e0000000, size: 512 MB, Compressed Oops mode: 32-bit

CDS archive(s) mapped at: [0x0000028928000000-0x0000028928c80000-0x0000028928c80000), size 13107200, SharedBaseAddress: 0x0000028928000000, ArchiveRelocationMode: 1.
Compressed class space mapped at: 0x0000028929000000-0x000002893d000000, reserved size: 335544320
Narrow klass base: 0x0000028928000000, Narrow klass shift: 0, Narrow klass range: 0x100000000

GC Precious Log:
 CardTable entry size: 512
 Card Set container configuration: InlinePtr #cards 5 size 8 Array Of Cards #cards 12 size 40 Howl #buckets 4 coarsen threshold 1843 Howl Bitmap #cards 512 size 80 coarsen threshold 460 Card regions per heap region 1 cards per card region 2048
 CPUs: 8 total, 8 available
 Memory: 8101M
 Large Page Support: Disabled
 NUMA Support: Disabled
 Compressed Oops: Enabled (32-bit)
 Heap Region Size: 1M
 Heap Min Capacity: 256M
 Heap Initial Capacity: 256M
 Heap Max Capacity: 512M
 Pre-touch: Disabled
 Parallel Workers: 8
 Concurrent Workers: 2
 Concurrent Refinement Workers: 8
 Periodic GC: Disabled

Heap:
 garbage-first heap   total 269312K, used 142700K [0x00000000e0000000, 0x0000000100000000)
  region size 1024K, 34 young (34816K), 9 survivors (9216K)
 Metaspace       used 86530K, committed 89152K, reserved 458752K
  class space    used 11872K, committed 13696K, reserved 327680K

Heap Regions: E=young(eden), S=young(survivor), O=old, HS=humongous(starts), HC=humongous(continues), CS=collection set, F=free, TAMS=top-at-mark-start, PB=parsable bottom
|   0|0x00000000e0000000, 0x00000000e0100000, 0x00000000e0100000|100%|HS|  |TAMS 0x00000000e0000000| PB 0x00000000e0000000| Complete 
|   1|0x00000000e0100000, 0x00000000e0200000, 0x00000000e0200000|100%|HC|  |TAMS 0x00000000e0100000| PB 0x00000000e0100000| Complete 
|   2|0x00000000e0200000, 0x00000000e0300000, 0x00000000e0300000|100%|HC|  |TAMS 0x00000000e0200000| PB 0x00000000e0200000| Complete 
|   3|0x00000000e0300000, 0x00000000e0400000, 0x00000000e0400000|100%|HC|  |TAMS 0x00000000e0300000| PB 0x00000000e0300000| Complete 
|   4|0x00000000e0400000, 0x00000000e0500000, 0x00000000e0500000|100%| O|  |TAMS 0x00000000e0400000| PB 0x00000000e0400000| Untracked 
|   5|0x00000000e0500000, 0x00000000e0600000, 0x00000000e0600000|100%| O|  |TAMS 0x00000000e0500000| PB 0x00000000e0500000| Untracked 
|   6|0x00000000e0600000, 0x00000000e0700000, 0x00000000e0700000|100%|HS|  |TAMS 0x00000000e0600000| PB 0x00000000e0600000| Complete 
|   7|0x00000000e0700000, 0x00000000e0800000, 0x00000000e0800000|100%| O|  |TAMS 0x00000000e0700000| PB 0x00000000e0700000| Untracked 
|   8|0x00000000e0800000, 0x00000000e0900000, 0x00000000e0900000|100%|HS|  |TAMS 0x00000000e0800000| PB 0x00000000e0800000| Complete 
|   9|0x00000000e0900000, 0x00000000e0a00000, 0x00000000e0a00000|100%| O|  |TAMS 0x00000000e0900000| PB 0x00000000e0900000| Untracked 
|  10|0x00000000e0a00000, 0x00000000e0b00000, 0x00000000e0b00000|100%| O|  |TAMS 0x00000000e0a00000| PB 0x00000000e0a00000| Untracked 
|  11|0x00000000e0b00000, 0x00000000e0c00000, 0x00000000e0c00000|100%| O|  |TAMS 0x00000000e0b00000| PB 0x00000000e0b00000| Untracked 
|  12|0x00000000e0c00000, 0x00000000e0d00000, 0x00000000e0d00000|100%| O|  |TAMS 0x00000000e0c00000| PB 0x00000000e0c00000| Untracked 
|  13|0x00000000e0d00000, 0x00000000e0e00000, 0x00000000e0e00000|100%| O|  |TAMS 0x00000000e0d00000| PB 0x00000000e0d00000| Untracked 
|  14|0x00000000e0e00000, 0x00000000e0f00000, 0x00000000e0f00000|100%| O|  |TAMS 0x00000000e0e00000| PB 0x00000000e0e00000| Untracked 
|  15|0x00000000e0f00000, 0x00000000e1000000, 0x00000000e1000000|100%| O|  |TAMS 0x00000000e0f00000| PB 0x00000000e0f00000| Untracked 
|  16|0x00000000e1000000, 0x00000000e1100000, 0x00000000e1100000|100%| O|  |TAMS 0x00000000e1000000| PB 0x00000000e1000000| Untracked 
|  17|0x00000000e1100000, 0x00000000e1200000, 0x00000000e1200000|100%| O|  |TAMS 0x00000000e1100000| PB 0x00000000e1100000| Untracked 
|  18|0x00000000e1200000, 0x00000000e1300000, 0x00000000e1300000|100%| O|  |TAMS 0x00000000e1200000| PB 0x00000000e1200000| Untracked 
|  19|0x00000000e1300000, 0x00000000e1400000, 0x00000000e1400000|100%| O|  |TAMS 0x00000000e1300000| PB 0x00000000e1300000| Untracked 
|  20|0x00000000e1400000, 0x00000000e1500000, 0x00000000e1500000|100%| O|  |TAMS 0x00000000e1400000| PB 0x00000000e1400000| Untracked 
|  21|0x00000000e1500000, 0x00000000e1600000, 0x00000000e1600000|100%| O|  |TAMS 0x00000000e1500000| PB 0x00000000e1500000| Untracked 
|  22|0x00000000e1600000, 0x00000000e1700000, 0x00000000e1700000|100%| O|  |TAMS 0x00000000e1600000| PB 0x00000000e1600000| Untracked 
|  23|0x00000000e1700000, 0x00000000e1800000, 0x00000000e1800000|100%| O|  |TAMS 0x00000000e1700000| PB 0x00000000e1700000| Untracked 
|  24|0x00000000e1800000, 0x00000000e1900000, 0x00000000e1900000|100%| O|  |TAMS 0x00000000e1800000| PB 0x00000000e1800000| Untracked 
|  25|0x00000000e1900000, 0x00000000e1a00000, 0x00000000e1a00000|100%| O|  |TAMS 0x00000000e1900000| PB 0x00000000e1900000| Untracked 
|  26|0x00000000e1a00000, 0x00000000e1b00000, 0x00000000e1b00000|100%| O|  |TAMS 0x00000000e1a00000| PB 0x00000000e1a00000| Untracked 
|  27|0x00000000e1b00000, 0x00000000e1c00000, 0x00000000e1c00000|100%| O|  |TAMS 0x00000000e1b00000| PB 0x00000000e1b00000| Untracked 
|  28|0x00000000e1c00000, 0x00000000e1d00000, 0x00000000e1d00000|100%| O|  |TAMS 0x00000000e1c00000| PB 0x00000000e1c00000| Untracked 
|  29|0x00000000e1d00000, 0x00000000e1e00000, 0x00000000e1e00000|100%| O|  |TAMS 0x00000000e1d00000| PB 0x00000000e1d00000| Untracked 
|  30|0x00000000e1e00000, 0x00000000e1f00000, 0x00000000e1f00000|100%| O|  |TAMS 0x00000000e1e00000| PB 0x00000000e1e00000| Untracked 
|  31|0x00000000e1f00000, 0x00000000e2000000, 0x00000000e2000000|100%| O|  |TAMS 0x00000000e1f00000| PB 0x00000000e1f00000| Untracked 
|  32|0x00000000e2000000, 0x00000000e2100000, 0x00000000e2100000|100%| O|  |TAMS 0x00000000e2000000| PB 0x00000000e2000000| Untracked 
|  33|0x00000000e2100000, 0x00000000e2200000, 0x00000000e2200000|100%| O|  |TAMS 0x00000000e2100000| PB 0x00000000e2100000| Untracked 
|  34|0x00000000e2200000, 0x00000000e2300000, 0x00000000e2300000|100%|HS|  |TAMS 0x00000000e2200000| PB 0x00000000e2200000| Complete 
|  35|0x00000000e2300000, 0x00000000e2400000, 0x00000000e2400000|100%| O|  |TAMS 0x00000000e2300000| PB 0x00000000e2300000| Untracked 
|  36|0x00000000e2400000, 0x00000000e2500000, 0x00000000e2500000|100%| O|  |TAMS 0x00000000e2400000| PB 0x00000000e2400000| Untracked 
|  37|0x00000000e2500000, 0x00000000e2600000, 0x00000000e2600000|100%| O|  |TAMS 0x00000000e2500000| PB 0x00000000e2500000| Untracked 
|  38|0x00000000e2600000, 0x00000000e2700000, 0x00000000e2700000|100%| O|  |TAMS 0x00000000e2600000| PB 0x00000000e2600000| Untracked 
|  39|0x00000000e2700000, 0x00000000e2800000, 0x00000000e2800000|100%| O|  |TAMS 0x00000000e2700000| PB 0x00000000e2700000| Untracked 
|  40|0x00000000e2800000, 0x00000000e2900000, 0x00000000e2900000|100%| O|  |TAMS 0x00000000e2800000| PB 0x00000000e2800000| Untracked 
|  41|0x00000000e2900000, 0x00000000e2a00000, 0x00000000e2a00000|100%| O|  |TAMS 0x00000000e2900000| PB 0x00000000e2900000| Untracked 
|  42|0x00000000e2a00000, 0x00000000e2b00000, 0x00000000e2b00000|100%| O|  |TAMS 0x00000000e2a00000| PB 0x00000000e2a00000| Untracked 
|  43|0x00000000e2b00000, 0x00000000e2c00000, 0x00000000e2c00000|100%| O|  |TAMS 0x00000000e2b00000| PB 0x00000000e2b00000| Untracked 
|  44|0x00000000e2c00000, 0x00000000e2d00000, 0x00000000e2d00000|100%| O|  |TAMS 0x00000000e2c00000| PB 0x00000000e2c00000| Untracked 
|  45|0x00000000e2d00000, 0x00000000e2e00000, 0x00000000e2e00000|100%| O|  |TAMS 0x00000000e2d00000| PB 0x00000000e2d00000| Untracked 
|  46|0x00000000e2e00000, 0x00000000e2f00000, 0x00000000e2f00000|100%| O|  |TAMS 0x00000000e2e00000| PB 0x00000000e2e00000| Untracked 
|  47|0x00000000e2f00000, 0x00000000e3000000, 0x00000000e3000000|100%| O|  |TAMS 0x00000000e2f00000| PB 0x00000000e2f00000| Untracked 
|  48|0x00000000e3000000, 0x00000000e3100000, 0x00000000e3100000|100%| O|Cm|TAMS 0x00000000e3000000| PB 0x00000000e3000000| Complete 
|  49|0x00000000e3100000, 0x00000000e3200000, 0x00000000e3200000|100%| O|  |TAMS 0x00000000e3100000| PB 0x00000000e3100000| Untracked 
|  50|0x00000000e3200000, 0x00000000e3300000, 0x00000000e3300000|100%| O|  |TAMS 0x00000000e3200000| PB 0x00000000e3200000| Untracked 
|  51|0x00000000e3300000, 0x00000000e3400000, 0x00000000e3400000|100%| O|  |TAMS 0x00000000e3300000| PB 0x00000000e3300000| Untracked 
|  52|0x00000000e3400000, 0x00000000e3500000, 0x00000000e3500000|100%| O|  |TAMS 0x00000000e3400000| PB 0x00000000e3400000| Untracked 
|  53|0x00000000e3500000, 0x00000000e3600000, 0x00000000e3600000|100%| O|Cm|TAMS 0x00000000e3500000| PB 0x00000000e3500000| Complete 
|  54|0x00000000e3600000, 0x00000000e3700000, 0x00000000e3700000|100%| O|  |TAMS 0x00000000e3600000| PB 0x00000000e3600000| Untracked 
|  55|0x00000000e3700000, 0x00000000e3800000, 0x00000000e3800000|100%| O|  |TAMS 0x00000000e3700000| PB 0x00000000e3700000| Untracked 
|  56|0x00000000e3800000, 0x00000000e3900000, 0x00000000e3900000|100%| O|  |TAMS 0x00000000e3800000| PB 0x00000000e3800000| Untracked 
|  57|0x00000000e3900000, 0x00000000e3a00000, 0x00000000e3a00000|100%| O|  |TAMS 0x00000000e3900000| PB 0x00000000e3900000| Untracked 
|  58|0x00000000e3a00000, 0x00000000e3b00000, 0x00000000e3b00000|100%| O|  |TAMS 0x00000000e3a00000| PB 0x00000000e3a00000| Untracked 
|  59|0x00000000e3b00000, 0x00000000e3c00000, 0x00000000e3c00000|100%| O|  |TAMS 0x00000000e3b00000| PB 0x00000000e3b00000| Untracked 
|  60|0x00000000e3c00000, 0x00000000e3d00000, 0x00000000e3d00000|100%| O|  |TAMS 0x00000000e3c00000| PB 0x00000000e3c00000| Untracked 
|  61|0x00000000e3d00000, 0x00000000e3e00000, 0x00000000e3e00000|100%| O|  |TAMS 0x00000000e3d00000| PB 0x00000000e3d00000| Untracked 
|  62|0x00000000e3e00000, 0x00000000e3f00000, 0x00000000e3f00000|100%| O|  |TAMS 0x00000000e3e00000| PB 0x00000000e3e00000| Untracked 
|  63|0x00000000e3f00000, 0x00000000e4000000, 0x00000000e4000000|100%| O|  |TAMS 0x00000000e3f00000| PB 0x00000000e3f00000| Untracked 
|  64|0x00000000e4000000, 0x00000000e4100000, 0x00000000e4100000|100%|HS|  |TAMS 0x00000000e4000000| PB 0x00000000e4000000| Complete 
|  65|0x00000000e4100000, 0x00000000e4200000, 0x00000000e4200000|100%| O|Cm|TAMS 0x00000000e4100000| PB 0x00000000e4100000| Complete 
|  66|0x00000000e4200000, 0x00000000e4200000, 0x00000000e4300000|  0%| F|  |TAMS 0x00000000e4200000| PB 0x00000000e4200000| Untracked 
|  67|0x00000000e4300000, 0x00000000e4300000, 0x00000000e4400000|  0%| F|  |TAMS 0x00000000e4300000| PB 0x00000000e4300000| Untracked 
|  68|0x00000000e4400000, 0x00000000e4400000, 0x00000000e4500000|  0%| F|  |TAMS 0x00000000e4400000| PB 0x00000000e4400000| Untracked 
|  69|0x00000000e4500000, 0x00000000e4600000, 0x00000000e4600000|100%| O|  |TAMS 0x00000000e4500000| PB 0x00000000e4500000| Untracked 
|  70|0x00000000e4600000, 0x00000000e4700000, 0x00000000e4700000|100%| O|  |TAMS 0x00000000e4600000| PB 0x00000000e4600000| Untracked 
|  71|0x00000000e4700000, 0x00000000e4800000, 0x00000000e4800000|100%|HS|  |TAMS 0x00000000e4700000| PB 0x00000000e4700000| Complete 
|  72|0x00000000e4800000, 0x00000000e4900000, 0x00000000e4900000|100%|HC|  |TAMS 0x00000000e4800000| PB 0x00000000e4800000| Complete 
|  73|0x00000000e4900000, 0x00000000e4a00000, 0x00000000e4a00000|100%|HC|  |TAMS 0x00000000e4900000| PB 0x00000000e4900000| Complete 
|  74|0x00000000e4a00000, 0x00000000e4b00000, 0x00000000e4b00000|100%|HC|  |TAMS 0x00000000e4a00000| PB 0x00000000e4a00000| Complete 
|  75|0x00000000e4b00000, 0x00000000e4c00000, 0x00000000e4c00000|100%|HC|  |TAMS 0x00000000e4b00000| PB 0x00000000e4b00000| Complete 
|  76|0x00000000e4c00000, 0x00000000e4d00000, 0x00000000e4d00000|100%|HC|  |TAMS 0x00000000e4c00000| PB 0x00000000e4c00000| Complete 
|  77|0x00000000e4d00000, 0x00000000e4e00000, 0x00000000e4e00000|100%|HS|  |TAMS 0x00000000e4d00000| PB 0x00000000e4d00000| Complete 
|  78|0x00000000e4e00000, 0x00000000e4f00000, 0x00000000e4f00000|100%|HS|  |TAMS 0x00000000e4e00000| PB 0x00000000e4e00000| Complete 
|  79|0x00000000e4f00000, 0x00000000e5000000, 0x00000000e5000000|100%|HS|  |TAMS 0x00000000e4f00000| PB 0x00000000e4f00000| Complete 
|  80|0x00000000e5000000, 0x00000000e5100000, 0x00000000e5100000|100%|HC|  |TAMS 0x00000000e5000000| PB 0x00000000e5000000| Complete 
|  81|0x00000000e5100000, 0x00000000e5200000, 0x00000000e5200000|100%|HC|  |TAMS 0x00000000e5100000| PB 0x00000000e5100000| Complete 
|  82|0x00000000e5200000, 0x00000000e5300000, 0x00000000e5300000|100%|HC|  |TAMS 0x00000000e5200000| PB 0x00000000e5200000| Complete 
|  83|0x00000000e5300000, 0x00000000e5400000, 0x00000000e5400000|100%|HC|  |TAMS 0x00000000e5300000| PB 0x00000000e5300000| Complete 
|  84|0x00000000e5400000, 0x00000000e5500000, 0x00000000e5500000|100%|HC|  |TAMS 0x00000000e5400000| PB 0x00000000e5400000| Complete 
|  85|0x00000000e5500000, 0x00000000e5600000, 0x00000000e5600000|100%|HS|  |TAMS 0x00000000e5500000| PB 0x00000000e5500000| Complete 
|  86|0x00000000e5600000, 0x00000000e5700000, 0x00000000e5700000|100%|HS|  |TAMS 0x00000000e5600000| PB 0x00000000e5600000| Complete 
|  87|0x00000000e5700000, 0x00000000e5800000, 0x00000000e5800000|100%|HS|  |TAMS 0x00000000e5700000| PB 0x00000000e5700000| Complete 
|  88|0x00000000e5800000, 0x00000000e5900000, 0x00000000e5900000|100%| O|  |TAMS 0x00000000e5800000| PB 0x00000000e5800000| Untracked 
|  89|0x00000000e5900000, 0x00000000e5900000, 0x00000000e5a00000|  0%| F|  |TAMS 0x00000000e5900000| PB 0x00000000e5900000| Untracked 
|  90|0x00000000e5a00000, 0x00000000e5b00000, 0x00000000e5b00000|100%| O|  |TAMS 0x00000000e5a00000| PB 0x00000000e5a00000| Untracked 
|  91|0x00000000e5b00000, 0x00000000e5c00000, 0x00000000e5c00000|100%| O|Cm|TAMS 0x00000000e5b00000| PB 0x00000000e5b00000| Complete 
|  92|0x00000000e5c00000, 0x00000000e5c00000, 0x00000000e5d00000|  0%| F|  |TAMS 0x00000000e5c00000| PB 0x00000000e5c00000| Untracked 
|  93|0x00000000e5d00000, 0x00000000e5d00000, 0x00000000e5e00000|  0%| F|  |TAMS 0x00000000e5d00000| PB 0x00000000e5d00000| Untracked 
|  94|0x00000000e5e00000, 0x00000000e5e00000, 0x00000000e5f00000|  0%| F|  |TAMS 0x00000000e5e00000| PB 0x00000000e5e00000| Untracked 
|  95|0x00000000e5f00000, 0x00000000e5f00000, 0x00000000e6000000|  0%| F|  |TAMS 0x00000000e5f00000| PB 0x00000000e5f00000| Untracked 
|  96|0x00000000e6000000, 0x00000000e6100000, 0x00000000e6100000|100%| O|Cm|TAMS 0x00000000e6000000| PB 0x00000000e6000000| Complete 
|  97|0x00000000e6100000, 0x00000000e6100000, 0x00000000e6200000|  0%| F|  |TAMS 0x00000000e6100000| PB 0x00000000e6100000| Untracked 
|  98|0x00000000e6200000, 0x00000000e6200000, 0x00000000e6300000|  0%| F|  |TAMS 0x00000000e6200000| PB 0x00000000e6200000| Untracked 
|  99|0x00000000e6300000, 0x00000000e6300000, 0x00000000e6400000|  0%| F|  |TAMS 0x00000000e6300000| PB 0x00000000e6300000| Untracked 
| 100|0x00000000e6400000, 0x00000000e6500000, 0x00000000e6500000|100%| O|  |TAMS 0x00000000e6400000| PB 0x00000000e6400000| Untracked 
| 101|0x00000000e6500000, 0x00000000e6600000, 0x00000000e6600000|100%| O|  |TAMS 0x00000000e6500000| PB 0x00000000e6500000| Untracked 
| 102|0x00000000e6600000, 0x00000000e6700000, 0x00000000e6700000|100%| O|  |TAMS 0x00000000e6600000| PB 0x00000000e6600000| Untracked 
| 103|0x00000000e6700000, 0x00000000e6800000, 0x00000000e6800000|100%| O|  |TAMS 0x00000000e6700000| PB 0x00000000e6700000| Untracked 
| 104|0x00000000e6800000, 0x00000000e6900000, 0x00000000e6900000|100%| O|  |TAMS 0x00000000e6800000| PB 0x00000000e6800000| Untracked 
| 105|0x00000000e6900000, 0x00000000e6a00000, 0x00000000e6a00000|100%| O|  |TAMS 0x00000000e6900000| PB 0x00000000e6900000| Untracked 
| 106|0x00000000e6a00000, 0x00000000e6b00000, 0x00000000e6b00000|100%| O|  |TAMS 0x00000000e6a00000| PB 0x00000000e6a00000| Untracked 
| 107|0x00000000e6b00000, 0x00000000e6c00000, 0x00000000e6c00000|100%| O|Cm|TAMS 0x00000000e6b00000| PB 0x00000000e6b00000| Complete 
| 108|0x00000000e6c00000, 0x00000000e6d00000, 0x00000000e6d00000|100%| O|Cm|TAMS 0x00000000e6c00000| PB 0x00000000e6c00000| Complete 
| 109|0x00000000e6d00000, 0x00000000e6e00000, 0x00000000e6e00000|100%| O|Cm|TAMS 0x00000000e6d00000| PB 0x00000000e6d00000| Complete 
| 110|0x00000000e6e00000, 0x00000000e6e00000, 0x00000000e6f00000|  0%| F|  |TAMS 0x00000000e6e00000| PB 0x00000000e6e00000| Untracked 
| 111|0x00000000e6f00000, 0x00000000e6f00000, 0x00000000e7000000|  0%| F|  |TAMS 0x00000000e6f00000| PB 0x00000000e6f00000| Untracked 
| 112|0x00000000e7000000, 0x00000000e7000000, 0x00000000e7100000|  0%| F|  |TAMS 0x00000000e7000000| PB 0x00000000e7000000| Untracked 
| 113|0x00000000e7100000, 0x00000000e7100000, 0x00000000e7200000|  0%| F|  |TAMS 0x00000000e7100000| PB 0x00000000e7100000| Untracked 
| 114|0x00000000e7200000, 0x00000000e7200000, 0x00000000e7300000|  0%| F|  |TAMS 0x00000000e7200000| PB 0x00000000e7200000| Untracked 
| 115|0x00000000e7300000, 0x00000000e7300000, 0x00000000e7400000|  0%| F|  |TAMS 0x00000000e7300000| PB 0x00000000e7300000| Untracked 
| 116|0x00000000e7400000, 0x00000000e7500000, 0x00000000e7500000|100%| O|  |TAMS 0x00000000e7400000| PB 0x00000000e7400000| Untracked 
| 117|0x00000000e7500000, 0x00000000e7600000, 0x00000000e7600000|100%| O|  |TAMS 0x00000000e7500000| PB 0x00000000e7500000| Untracked 
| 118|0x00000000e7600000, 0x00000000e7600000, 0x00000000e7700000|  0%| F|  |TAMS 0x00000000e7600000| PB 0x00000000e7600000| Untracked 
| 119|0x00000000e7700000, 0x00000000e7800000, 0x00000000e7800000|100%| O|  |TAMS 0x00000000e7700000| PB 0x00000000e7700000| Untracked 
| 120|0x00000000e7800000, 0x00000000e7900000, 0x00000000e7900000|100%| O|  |TAMS 0x00000000e7800000| PB 0x00000000e7800000| Untracked 
| 121|0x00000000e7900000, 0x00000000e7a00000, 0x00000000e7a00000|100%| O|  |TAMS 0x00000000e7900000| PB 0x00000000e7900000| Untracked 
| 122|0x00000000e7a00000, 0x00000000e7b00000, 0x00000000e7b00000|100%| O|  |TAMS 0x00000000e7a00000| PB 0x00000000e7a00000| Untracked 
| 123|0x00000000e7b00000, 0x00000000e7c00000, 0x00000000e7c00000|100%| O|  |TAMS 0x00000000e7b00000| PB 0x00000000e7b00000| Untracked 
| 124|0x00000000e7c00000, 0x00000000e7c00000, 0x00000000e7d00000|  0%| F|  |TAMS 0x00000000e7c00000| PB 0x00000000e7c00000| Untracked 
| 125|0x00000000e7d00000, 0x00000000e7d00000, 0x00000000e7e00000|  0%| F|  |TAMS 0x00000000e7d00000| PB 0x00000000e7d00000| Untracked 
| 126|0x00000000e7e00000, 0x00000000e7e00000, 0x00000000e7f00000|  0%| F|  |TAMS 0x00000000e7e00000| PB 0x00000000e7e00000| Untracked 
| 127|0x00000000e7f00000, 0x00000000e7f00000, 0x00000000e8000000|  0%| F|  |TAMS 0x00000000e7f00000| PB 0x00000000e7f00000| Untracked 
| 128|0x00000000e8000000, 0x00000000e8000000, 0x00000000e8100000|  0%| F|  |TAMS 0x00000000e8000000| PB 0x00000000e8000000| Untracked 
| 129|0x00000000e8100000, 0x00000000e8100000, 0x00000000e8200000|  0%| F|  |TAMS 0x00000000e8100000| PB 0x00000000e8100000| Untracked 
| 130|0x00000000e8200000, 0x00000000e8200000, 0x00000000e8300000|  0%| F|  |TAMS 0x00000000e8200000| PB 0x00000000e8200000| Untracked 
| 131|0x00000000e8300000, 0x00000000e8300000, 0x00000000e8400000|  0%| F|  |TAMS 0x00000000e8300000| PB 0x00000000e8300000| Untracked 
| 132|0x00000000e8400000, 0x00000000e8400000, 0x00000000e8500000|  0%| F|  |TAMS 0x00000000e8400000| PB 0x00000000e8400000| Untracked 
| 133|0x00000000e8500000, 0x00000000e8500000, 0x00000000e8600000|  0%| F|  |TAMS 0x00000000e8500000| PB 0x00000000e8500000| Untracked 
| 134|0x00000000e8600000, 0x00000000e8600000, 0x00000000e8700000|  0%| F|  |TAMS 0x00000000e8600000| PB 0x00000000e8600000| Untracked 
| 135|0x00000000e8700000, 0x00000000e8700000, 0x00000000e8800000|  0%| F|  |TAMS 0x00000000e8700000| PB 0x00000000e8700000| Untracked 
| 136|0x00000000e8800000, 0x00000000e8800000, 0x00000000e8900000|  0%| F|  |TAMS 0x00000000e8800000| PB 0x00000000e8800000| Untracked 
| 137|0x00000000e8900000, 0x00000000e8900000, 0x00000000e8a00000|  0%| F|  |TAMS 0x00000000e8900000| PB 0x00000000e8900000| Untracked 
| 138|0x00000000e8a00000, 0x00000000e8a00000, 0x00000000e8b00000|  0%| F|  |TAMS 0x00000000e8a00000| PB 0x00000000e8a00000| Untracked 
| 139|0x00000000e8b00000, 0x00000000e8b00000, 0x00000000e8c00000|  0%| F|  |TAMS 0x00000000e8b00000| PB 0x00000000e8b00000| Untracked 
| 140|0x00000000e8c00000, 0x00000000e8c00000, 0x00000000e8d00000|  0%| F|  |TAMS 0x00000000e8c00000| PB 0x00000000e8c00000| Untracked 
| 141|0x00000000e8d00000, 0x00000000e8d00000, 0x00000000e8e00000|  0%| F|  |TAMS 0x00000000e8d00000| PB 0x00000000e8d00000| Untracked 
| 142|0x00000000e8e00000, 0x00000000e8e00000, 0x00000000e8f00000|  0%| F|  |TAMS 0x00000000e8e00000| PB 0x00000000e8e00000| Untracked 
| 143|0x00000000e8f00000, 0x00000000e8f00000, 0x00000000e9000000|  0%| F|  |TAMS 0x00000000e8f00000| PB 0x00000000e8f00000| Untracked 
| 144|0x00000000e9000000, 0x00000000e9000000, 0x00000000e9100000|  0%| F|  |TAMS 0x00000000e9000000| PB 0x00000000e9000000| Untracked 
| 145|0x00000000e9100000, 0x00000000e9100000, 0x00000000e9200000|  0%| F|  |TAMS 0x00000000e9100000| PB 0x00000000e9100000| Untracked 
| 146|0x00000000e9200000, 0x00000000e9200000, 0x00000000e9300000|  0%| F|  |TAMS 0x00000000e9200000| PB 0x00000000e9200000| Untracked 
| 147|0x00000000e9300000, 0x00000000e9300000, 0x00000000e9400000|  0%| F|  |TAMS 0x00000000e9300000| PB 0x00000000e9300000| Untracked 
| 148|0x00000000e9400000, 0x00000000e9400000, 0x00000000e9500000|  0%| F|  |TAMS 0x00000000e9400000| PB 0x00000000e9400000| Untracked 
| 149|0x00000000e9500000, 0x00000000e9500000, 0x00000000e9600000|  0%| F|  |TAMS 0x00000000e9500000| PB 0x00000000e9500000| Untracked 
| 150|0x00000000e9600000, 0x00000000e9600000, 0x00000000e9700000|  0%| F|  |TAMS 0x00000000e9600000| PB 0x00000000e9600000| Untracked 
| 151|0x00000000e9700000, 0x00000000e9700000, 0x00000000e9800000|  0%| F|  |TAMS 0x00000000e9700000| PB 0x00000000e9700000| Untracked 
| 152|0x00000000e9800000, 0x00000000e9800000, 0x00000000e9900000|  0%| F|  |TAMS 0x00000000e9800000| PB 0x00000000e9800000| Untracked 
| 153|0x00000000e9900000, 0x00000000e9900000, 0x00000000e9a00000|  0%| F|  |TAMS 0x00000000e9900000| PB 0x00000000e9900000| Untracked 
| 154|0x00000000e9a00000, 0x00000000e9a00000, 0x00000000e9b00000|  0%| F|  |TAMS 0x00000000e9a00000| PB 0x00000000e9a00000| Untracked 
| 155|0x00000000e9b00000, 0x00000000e9b00000, 0x00000000e9c00000|  0%| F|  |TAMS 0x00000000e9b00000| PB 0x00000000e9b00000| Untracked 
| 156|0x00000000e9c00000, 0x00000000e9c00000, 0x00000000e9d00000|  0%| F|  |TAMS 0x00000000e9c00000| PB 0x00000000e9c00000| Untracked 
| 157|0x00000000e9d00000, 0x00000000e9d00000, 0x00000000e9e00000|  0%| F|  |TAMS 0x00000000e9d00000| PB 0x00000000e9d00000| Untracked 
| 158|0x00000000e9e00000, 0x00000000e9e00000, 0x00000000e9f00000|  0%| F|  |TAMS 0x00000000e9e00000| PB 0x00000000e9e00000| Untracked 
| 159|0x00000000e9f00000, 0x00000000e9f00000, 0x00000000ea000000|  0%| F|  |TAMS 0x00000000e9f00000| PB 0x00000000e9f00000| Untracked 
| 160|0x00000000ea000000, 0x00000000ea000000, 0x00000000ea100000|  0%| F|  |TAMS 0x00000000ea000000| PB 0x00000000ea000000| Untracked 
| 161|0x00000000ea100000, 0x00000000ea100000, 0x00000000ea200000|  0%| F|  |TAMS 0x00000000ea100000| PB 0x00000000ea100000| Untracked 
| 162|0x00000000ea200000, 0x00000000ea200000, 0x00000000ea300000|  0%| F|  |TAMS 0x00000000ea200000| PB 0x00000000ea200000| Untracked 
| 163|0x00000000ea300000, 0x00000000ea300000, 0x00000000ea400000|  0%| F|  |TAMS 0x00000000ea300000| PB 0x00000000ea300000| Untracked 
| 164|0x00000000ea400000, 0x00000000ea400000, 0x00000000ea500000|  0%| F|  |TAMS 0x00000000ea400000| PB 0x00000000ea400000| Untracked 
| 165|0x00000000ea500000, 0x00000000ea500000, 0x00000000ea600000|  0%| F|  |TAMS 0x00000000ea500000| PB 0x00000000ea500000| Untracked 
| 166|0x00000000ea600000, 0x00000000ea600000, 0x00000000ea700000|  0%| F|  |TAMS 0x00000000ea600000| PB 0x00000000ea600000| Untracked 
| 167|0x00000000ea700000, 0x00000000ea700000, 0x00000000ea800000|  0%| F|  |TAMS 0x00000000ea700000| PB 0x00000000ea700000| Untracked 
| 168|0x00000000ea800000, 0x00000000ea800000, 0x00000000ea900000|  0%| F|  |TAMS 0x00000000ea800000| PB 0x00000000ea800000| Untracked 
| 169|0x00000000ea900000, 0x00000000ea900000, 0x00000000eaa00000|  0%| F|  |TAMS 0x00000000ea900000| PB 0x00000000ea900000| Untracked 
| 170|0x00000000eaa00000, 0x00000000eaa00000, 0x00000000eab00000|  0%| F|  |TAMS 0x00000000eaa00000| PB 0x00000000eaa00000| Untracked 
| 171|0x00000000eab00000, 0x00000000eab00000, 0x00000000eac00000|  0%| F|  |TAMS 0x00000000eab00000| PB 0x00000000eab00000| Untracked 
| 172|0x00000000eac00000, 0x00000000eac00000, 0x00000000ead00000|  0%| F|  |TAMS 0x00000000eac00000| PB 0x00000000eac00000| Untracked 
| 173|0x00000000ead00000, 0x00000000ead00000, 0x00000000eae00000|  0%| F|  |TAMS 0x00000000ead00000| PB 0x00000000ead00000| Untracked 
| 174|0x00000000eae00000, 0x00000000eae00000, 0x00000000eaf00000|  0%| F|  |TAMS 0x00000000eae00000| PB 0x00000000eae00000| Untracked 
| 175|0x00000000eaf00000, 0x00000000eaf00000, 0x00000000eb000000|  0%| F|  |TAMS 0x00000000eaf00000| PB 0x00000000eaf00000| Untracked 
| 176|0x00000000eb000000, 0x00000000eb000000, 0x00000000eb100000|  0%| F|  |TAMS 0x00000000eb000000| PB 0x00000000eb000000| Untracked 
| 177|0x00000000eb100000, 0x00000000eb100000, 0x00000000eb200000|  0%| F|  |TAMS 0x00000000eb100000| PB 0x00000000eb100000| Untracked 
| 178|0x00000000eb200000, 0x00000000eb200000, 0x00000000eb300000|  0%| F|  |TAMS 0x00000000eb200000| PB 0x00000000eb200000| Untracked 
| 179|0x00000000eb300000, 0x00000000eb300000, 0x00000000eb400000|  0%| F|  |TAMS 0x00000000eb300000| PB 0x00000000eb300000| Untracked 
| 180|0x00000000eb400000, 0x00000000eb400000, 0x00000000eb500000|  0%| F|  |TAMS 0x00000000eb400000| PB 0x00000000eb400000| Untracked 
| 181|0x00000000eb500000, 0x00000000eb500000, 0x00000000eb600000|  0%| F|  |TAMS 0x00000000eb500000| PB 0x00000000eb500000| Untracked 
| 182|0x00000000eb600000, 0x00000000eb600000, 0x00000000eb700000|  0%| F|  |TAMS 0x00000000eb600000| PB 0x00000000eb600000| Untracked 
| 183|0x00000000eb700000, 0x00000000eb700000, 0x00000000eb800000|  0%| F|  |TAMS 0x00000000eb700000| PB 0x00000000eb700000| Untracked 
| 184|0x00000000eb800000, 0x00000000eb800000, 0x00000000eb900000|  0%| F|  |TAMS 0x00000000eb800000| PB 0x00000000eb800000| Untracked 
| 185|0x00000000eb900000, 0x00000000eb900000, 0x00000000eba00000|  0%| F|  |TAMS 0x00000000eb900000| PB 0x00000000eb900000| Untracked 
| 186|0x00000000eba00000, 0x00000000eba00000, 0x00000000ebb00000|  0%| F|  |TAMS 0x00000000eba00000| PB 0x00000000eba00000| Untracked 
| 187|0x00000000ebb00000, 0x00000000ebb00000, 0x00000000ebc00000|  0%| F|  |TAMS 0x00000000ebb00000| PB 0x00000000ebb00000| Untracked 
| 188|0x00000000ebc00000, 0x00000000ebc00000, 0x00000000ebd00000|  0%| F|  |TAMS 0x00000000ebc00000| PB 0x00000000ebc00000| Untracked 
| 189|0x00000000ebd00000, 0x00000000ebd00000, 0x00000000ebe00000|  0%| F|  |TAMS 0x00000000ebd00000| PB 0x00000000ebd00000| Untracked 
| 190|0x00000000ebe00000, 0x00000000ebe00000, 0x00000000ebf00000|  0%| F|  |TAMS 0x00000000ebe00000| PB 0x00000000ebe00000| Untracked 
| 191|0x00000000ebf00000, 0x00000000ebf00000, 0x00000000ec000000|  0%| F|  |TAMS 0x00000000ebf00000| PB 0x00000000ebf00000| Untracked 
| 192|0x00000000ec000000, 0x00000000ec000000, 0x00000000ec100000|  0%| F|  |TAMS 0x00000000ec000000| PB 0x00000000ec000000| Untracked 
| 193|0x00000000ec100000, 0x00000000ec100000, 0x00000000ec200000|  0%| F|  |TAMS 0x00000000ec100000| PB 0x00000000ec100000| Untracked 
| 194|0x00000000ec200000, 0x00000000ec200000, 0x00000000ec300000|  0%| F|  |TAMS 0x00000000ec200000| PB 0x00000000ec200000| Untracked 
| 195|0x00000000ec300000, 0x00000000ec300000, 0x00000000ec400000|  0%| F|  |TAMS 0x00000000ec300000| PB 0x00000000ec300000| Untracked 
| 196|0x00000000ec400000, 0x00000000ec400000, 0x00000000ec500000|  0%| F|  |TAMS 0x00000000ec400000| PB 0x00000000ec400000| Untracked 
| 197|0x00000000ec500000, 0x00000000ec500000, 0x00000000ec600000|  0%| F|  |TAMS 0x00000000ec500000| PB 0x00000000ec500000| Untracked 
| 198|0x00000000ec600000, 0x00000000ec600000, 0x00000000ec700000|  0%| F|  |TAMS 0x00000000ec600000| PB 0x00000000ec600000| Untracked 
| 199|0x00000000ec700000, 0x00000000ec700000, 0x00000000ec800000|  0%| F|  |TAMS 0x00000000ec700000| PB 0x00000000ec700000| Untracked 
| 200|0x00000000ec800000, 0x00000000ec800000, 0x00000000ec900000|  0%| F|  |TAMS 0x00000000ec800000| PB 0x00000000ec800000| Untracked 
| 201|0x00000000ec900000, 0x00000000ec900000, 0x00000000eca00000|  0%| F|  |TAMS 0x00000000ec900000| PB 0x00000000ec900000| Untracked 
| 202|0x00000000eca00000, 0x00000000eca00000, 0x00000000ecb00000|  0%| F|  |TAMS 0x00000000eca00000| PB 0x00000000eca00000| Untracked 
| 203|0x00000000ecb00000, 0x00000000ecb00000, 0x00000000ecc00000|  0%| F|  |TAMS 0x00000000ecb00000| PB 0x00000000ecb00000| Untracked 
| 204|0x00000000ecc00000, 0x00000000ecc00000, 0x00000000ecd00000|  0%| F|  |TAMS 0x00000000ecc00000| PB 0x00000000ecc00000| Untracked 
| 205|0x00000000ecd00000, 0x00000000ecd00000, 0x00000000ece00000|  0%| F|  |TAMS 0x00000000ecd00000| PB 0x00000000ecd00000| Untracked 
| 206|0x00000000ece00000, 0x00000000ece00000, 0x00000000ecf00000|  0%| F|  |TAMS 0x00000000ece00000| PB 0x00000000ece00000| Untracked 
| 207|0x00000000ecf00000, 0x00000000ecf00000, 0x00000000ed000000|  0%| F|  |TAMS 0x00000000ecf00000| PB 0x00000000ecf00000| Untracked 
| 208|0x00000000ed000000, 0x00000000ed000000, 0x00000000ed100000|  0%| F|  |TAMS 0x00000000ed000000| PB 0x00000000ed000000| Untracked 
| 209|0x00000000ed100000, 0x00000000ed100000, 0x00000000ed200000|  0%| F|  |TAMS 0x00000000ed100000| PB 0x00000000ed100000| Untracked 
| 210|0x00000000ed200000, 0x00000000ed200000, 0x00000000ed300000|  0%| F|  |TAMS 0x00000000ed200000| PB 0x00000000ed200000| Untracked 
| 211|0x00000000ed300000, 0x00000000ed300000, 0x00000000ed400000|  0%| F|  |TAMS 0x00000000ed300000| PB 0x00000000ed300000| Untracked 
| 212|0x00000000ed400000, 0x00000000ed400000, 0x00000000ed500000|  0%| F|  |TAMS 0x00000000ed400000| PB 0x00000000ed400000| Untracked 
| 213|0x00000000ed500000, 0x00000000ed500000, 0x00000000ed600000|  0%| F|  |TAMS 0x00000000ed500000| PB 0x00000000ed500000| Untracked 
| 214|0x00000000ed600000, 0x00000000ed600000, 0x00000000ed700000|  0%| F|  |TAMS 0x00000000ed600000| PB 0x00000000ed600000| Untracked 
| 215|0x00000000ed700000, 0x00000000ed700000, 0x00000000ed800000|  0%| F|  |TAMS 0x00000000ed700000| PB 0x00000000ed700000| Untracked 
| 216|0x00000000ed800000, 0x00000000ed800000, 0x00000000ed900000|  0%| F|  |TAMS 0x00000000ed800000| PB 0x00000000ed800000| Untracked 
| 217|0x00000000ed900000, 0x00000000ed900000, 0x00000000eda00000|  0%| F|  |TAMS 0x00000000ed900000| PB 0x00000000ed900000| Untracked 
| 218|0x00000000eda00000, 0x00000000eda00000, 0x00000000edb00000|  0%| F|  |TAMS 0x00000000eda00000| PB 0x00000000eda00000| Untracked 
| 219|0x00000000edb00000, 0x00000000edb00000, 0x00000000edc00000|  0%| F|  |TAMS 0x00000000edb00000| PB 0x00000000edb00000| Untracked 
| 220|0x00000000edc00000, 0x00000000edc00000, 0x00000000edd00000|  0%| F|  |TAMS 0x00000000edc00000| PB 0x00000000edc00000| Untracked 
| 221|0x00000000edd00000, 0x00000000edd00000, 0x00000000ede00000|  0%| F|  |TAMS 0x00000000edd00000| PB 0x00000000edd00000| Untracked 
| 222|0x00000000ede00000, 0x00000000ede00000, 0x00000000edf00000|  0%| F|  |TAMS 0x00000000ede00000| PB 0x00000000ede00000| Untracked 
| 223|0x00000000edf00000, 0x00000000edf00000, 0x00000000ee000000|  0%| F|  |TAMS 0x00000000edf00000| PB 0x00000000edf00000| Untracked 
| 224|0x00000000ee000000, 0x00000000ee000000, 0x00000000ee100000|  0%| F|  |TAMS 0x00000000ee000000| PB 0x00000000ee000000| Untracked 
| 225|0x00000000ee100000, 0x00000000ee100000, 0x00000000ee200000|  0%| F|  |TAMS 0x00000000ee100000| PB 0x00000000ee100000| Untracked 
| 226|0x00000000ee200000, 0x00000000ee200000, 0x00000000ee300000|  0%| F|  |TAMS 0x00000000ee200000| PB 0x00000000ee200000| Untracked 
| 227|0x00000000ee300000, 0x00000000ee3b43e8, 0x00000000ee400000| 70%| E|  |TAMS 0x00000000ee300000| PB 0x00000000ee300000| Complete 
| 228|0x00000000ee400000, 0x00000000ee500000, 0x00000000ee500000|100%| E|CS|TAMS 0x00000000ee400000| PB 0x00000000ee400000| Complete 
| 229|0x00000000ee500000, 0x00000000ee600000, 0x00000000ee600000|100%| E|CS|TAMS 0x00000000ee500000| PB 0x00000000ee500000| Complete 
| 230|0x00000000ee600000, 0x00000000ee700000, 0x00000000ee700000|100%| E|CS|TAMS 0x00000000ee600000| PB 0x00000000ee600000| Complete 
| 231|0x00000000ee700000, 0x00000000ee800000, 0x00000000ee800000|100%| E|CS|TAMS 0x00000000ee700000| PB 0x00000000ee700000| Complete 
| 232|0x00000000ee800000, 0x00000000ee900000, 0x00000000ee900000|100%| E|CS|TAMS 0x00000000ee800000| PB 0x00000000ee800000| Complete 
| 233|0x00000000ee900000, 0x00000000eea00000, 0x00000000eea00000|100%| E|  |TAMS 0x00000000ee900000| PB 0x00000000ee900000| Complete 
| 234|0x00000000eea00000, 0x00000000eeb00000, 0x00000000eeb00000|100%| E|CS|TAMS 0x00000000eea00000| PB 0x00000000eea00000| Complete 
| 235|0x00000000eeb00000, 0x00000000eec00000, 0x00000000eec00000|100%| E|CS|TAMS 0x00000000eeb00000| PB 0x00000000eeb00000| Complete 
| 236|0x00000000eec00000, 0x00000000eed00000, 0x00000000eed00000|100%| E|CS|TAMS 0x00000000eec00000| PB 0x00000000eec00000| Complete 
| 237|0x00000000eed00000, 0x00000000eee00000, 0x00000000eee00000|100%| E|CS|TAMS 0x00000000eed00000| PB 0x00000000eed00000| Complete 
| 238|0x00000000eee00000, 0x00000000eef00000, 0x00000000eef00000|100%| E|CS|TAMS 0x00000000eee00000| PB 0x00000000eee00000| Complete 
| 239|0x00000000eef00000, 0x00000000ef000000, 0x00000000ef000000|100%| E|CS|TAMS 0x00000000eef00000| PB 0x00000000eef00000| Complete 
| 240|0x00000000ef000000, 0x00000000ef100000, 0x00000000ef100000|100%| E|CS|TAMS 0x00000000ef000000| PB 0x00000000ef000000| Complete 
| 241|0x00000000ef100000, 0x00000000ef200000, 0x00000000ef200000|100%| E|CS|TAMS 0x00000000ef100000| PB 0x00000000ef100000| Complete 
| 242|0x00000000ef200000, 0x00000000ef300000, 0x00000000ef300000|100%| E|CS|TAMS 0x00000000ef200000| PB 0x00000000ef200000| Complete 
| 243|0x00000000ef300000, 0x00000000ef35b390, 0x00000000ef400000| 35%| S|CS|TAMS 0x00000000ef300000| PB 0x00000000ef300000| Complete 
| 244|0x00000000ef400000, 0x00000000ef500000, 0x00000000ef500000|100%| S|CS|TAMS 0x00000000ef400000| PB 0x00000000ef400000| Complete 
| 245|0x00000000ef500000, 0x00000000ef600000, 0x00000000ef600000|100%| S|CS|TAMS 0x00000000ef500000| PB 0x00000000ef500000| Complete 
| 246|0x00000000ef600000, 0x00000000ef700000, 0x00000000ef700000|100%| S|CS|TAMS 0x00000000ef600000| PB 0x00000000ef600000| Complete 
| 247|0x00000000ef700000, 0x00000000ef800000, 0x00000000ef800000|100%| S|CS|TAMS 0x00000000ef700000| PB 0x00000000ef700000| Complete 
| 248|0x00000000ef800000, 0x00000000ef900000, 0x00000000ef900000|100%| S|CS|TAMS 0x00000000ef800000| PB 0x00000000ef800000| Complete 
| 249|0x00000000ef900000, 0x00000000efa00000, 0x00000000efa00000|100%| S|CS|TAMS 0x00000000ef900000| PB 0x00000000ef900000| Complete 
| 250|0x00000000efa00000, 0x00000000efb00000, 0x00000000efb00000|100%| S|CS|TAMS 0x00000000efa00000| PB 0x00000000efa00000| Complete 
| 251|0x00000000efb00000, 0x00000000efc00000, 0x00000000efc00000|100%| S|CS|TAMS 0x00000000efb00000| PB 0x00000000efb00000| Complete 
| 252|0x00000000efc00000, 0x00000000efd00000, 0x00000000efd00000|100%| E|CS|TAMS 0x00000000efc00000| PB 0x00000000efc00000| Complete 
| 253|0x00000000efd00000, 0x00000000efe00000, 0x00000000efe00000|100%| E|CS|TAMS 0x00000000efd00000| PB 0x00000000efd00000| Complete 
| 254|0x00000000efe00000, 0x00000000eff00000, 0x00000000eff00000|100%| E|CS|TAMS 0x00000000efe00000| PB 0x00000000efe00000| Complete 
| 255|0x00000000eff00000, 0x00000000f0000000, 0x00000000f0000000|100%| E|CS|TAMS 0x00000000eff00000| PB 0x00000000eff00000| Complete 
| 256|0x00000000f0000000, 0x00000000f0100000, 0x00000000f0100000|100%| E|CS|TAMS 0x00000000f0000000| PB 0x00000000f0000000| Complete 
| 257|0x00000000f0100000, 0x00000000f0200000, 0x00000000f0200000|100%| E|CS|TAMS 0x00000000f0100000| PB 0x00000000f0100000| Complete 
| 258|0x00000000f0200000, 0x00000000f0300000, 0x00000000f0300000|100%| E|CS|TAMS 0x00000000f0200000| PB 0x00000000f0200000| Complete 
| 259|0x00000000f0300000, 0x00000000f0400000, 0x00000000f0400000|100%| E|CS|TAMS 0x00000000f0300000| PB 0x00000000f0300000| Complete 
| 260|0x00000000f0400000, 0x00000000f0500000, 0x00000000f0500000|100%| E|CS|TAMS 0x00000000f0400000| PB 0x00000000f0400000| Complete 
| 510|0x00000000ffe00000, 0x00000000fff00000, 0x00000000fff00000|100%| O|  |TAMS 0x00000000ffe00000| PB 0x00000000ffe00000| Untracked 
| 511|0x00000000fff00000, 0x0000000100000000, 0x0000000100000000|100%| O|  |TAMS 0x00000000fff00000| PB 0x00000000fff00000| Untracked 

Card table byte_map: [0x0000028924810000,0x0000028924910000] _byte_map_base: 0x0000028924110000

Marking Bits: (CMBitMap*) 0x000002890cce8f60
 Bits: [0x0000028924910000, 0x0000028925110000)

Polling page: 0x000002890aae0000

Metaspace:

Usage:
  Non-class:     72.92 MB used.
      Class:     11.60 MB used.
       Both:     84.52 MB used.

Virtual space:
  Non-class space:      128.00 MB reserved,      73.69 MB ( 58%) committed,  2 nodes.
      Class space:      320.00 MB reserved,      13.38 MB (  4%) committed,  1 nodes.
             Both:      448.00 MB reserved,      87.06 MB ( 19%) committed. 

Chunk freelists:
   Non-Class:  5.81 MB
       Class:  3.46 MB
        Both:  9.28 MB

MaxMetaspaceSize: 384.00 MB
CompressedClassSpaceSize: 320.00 MB
Initial GC threshold: 21.00 MB
Current GC threshold: 150.88 MB
CDS: on
 - commit_granule_bytes: 65536.
 - commit_granule_words: 8192.
 - virtual_space_node_default_size: 8388608.
 - enlarge_chunks_in_place: 1.
 - use_allocation_guard: 0.


Internal statistics:

num_allocs_failed_limit: 18.
num_arena_births: 6002.
num_arena_deaths: 3152.
num_vsnodes_births: 3.
num_vsnodes_deaths: 0.
num_space_committed: 1476.
num_space_uncommitted: 40.
num_chunks_returned_to_freelist: 4005.
num_chunks_taken_from_freelist: 11791.
num_chunk_merges: 1428.
num_chunk_splits: 6637.
num_chunks_enlarged: 3705.
num_inconsistent_stats: 0.

CodeHeap 'non-profiled nmethods': size=120000Kb used=11619Kb max_used=12072Kb free=108380Kb
 bounds [0x000002891ceb0000, 0x000002891dab0000, 0x00000289243e0000]
CodeHeap 'profiled nmethods': size=120000Kb used=28605Kb max_used=31219Kb free=91394Kb
 bounds [0x00000289153e0000, 0x0000028917270000, 0x000002891c910000]
CodeHeap 'non-nmethods': size=5760Kb used=2007Kb max_used=2112Kb free=3753Kb
 bounds [0x000002891c910000, 0x000002891cb80000, 0x000002891ceb0000]
CodeCache: size=245760Kb, used=42231Kb, max_used=45403Kb, free=203527Kb
 total_blobs=14710, nmethods=13847, adapters=766, full_count=0
Compilation: enabled, stopped_count=0, restarted_count=0

Compilation events (20 events):
Event: 850.453 Thread 0x0000028927bcaa40 19946       2       org.gradle.internal.logging.text.AbstractLineChoppingStyledTextOutput$SeenFromEol::all (18 bytes)
Event: 850.453 Thread 0x0000028927bcaa40 nmethod 19946 0x0000028915b30190 code [0x0000028915b30320, 0x0000028915b30448]
Event: 850.453 Thread 0x0000028927bcaa40 19947       2       org.gradle.internal.logging.text.AbstractLineChoppingStyledTextOutput$SeenFromEol::none (13 bytes)
Event: 850.453 Thread 0x0000028927bcaa40 nmethod 19947 0x0000028915bc8210 code [0x0000028915bc83a0, 0x0000028915bc84b8]
Event: 850.453 Thread 0x0000028927bcaa40 19951       3       org.gradle.internal.logging.text.AbstractLineChoppingStyledTextOutput$2::execute (77 bytes)
Event: 850.455 Thread 0x0000028927bcaa40 nmethod 19951 0x0000028915f40190 code [0x0000028915f40440, 0x0000028915f40ec8]
Event: 850.455 Thread 0x0000028927bcaa40 19949       3       org.gradle.internal.logging.text.AbstractLineChoppingStyledTextOutput$2::execute (9 bytes)
Event: 850.455 Thread 0x0000028927bcaa40 nmethod 19949 0x0000028915d2b390 code [0x0000028915d2b540, 0x0000028915d2b778]
Event: 850.455 Thread 0x0000028927bcaa40 19950       1       org.gradle.internal.logging.text.AbstractLineChoppingStyledTextOutput$StateContext::access$500 (5 bytes)
Event: 850.455 Thread 0x0000028927bcaa40 nmethod 19950 0x000002891d190510 code [0x000002891d1906a0, 0x000002891d190750]
Event: 850.455 Thread 0x0000028927bcaa40 19943       2       org.gradle.internal.logging.text.AbstractLineChoppingStyledTextOutput$StateContext::next (11 bytes)
Event: 850.455 Thread 0x0000028927bcaa40 nmethod 19943 0x0000028915bdf890 code [0x0000028915bdfa20, 0x0000028915bdfb30]
Event: 850.459 Thread 0x0000028927bcaa40 19954       3       org.gradle.internal.io.LineBufferingOutputStream::write (59 bytes)
Event: 850.461 Thread 0x0000028927bcaa40 nmethod 19954 0x0000028915c0cf90 code [0x0000028915c0d260, 0x0000028915c0e060]
Event: 850.461 Thread 0x0000028927bcaa40 19956       3       sun.security.jca.ProviderList::getService (122 bytes)
Event: 850.468 Thread 0x0000028927bcaa40 nmethod 19956 0x00000289155b4490 code [0x00000289155b4740, 0x00000289155b5490]
Event: 850.469 Thread 0x0000028927bcaa40 19955       3       org.gradle.internal.io.LineBufferingOutputStream::endsWithLineSeparator (27 bytes)
Event: 850.469 Thread 0x0000028927bcaa40 nmethod 19955 0x0000028915eb6a10 code [0x0000028915eb6bc0, 0x0000028915eb6d60]
Event: 850.482 Thread 0x0000028927bcaa40 19957   !   3       java.io.ObjectStreamClass::computeDefaultSUID (701 bytes)
Event: 850.498 Thread 0x0000028927bcaa40 nmethod 19957 0x0000028916622f90 code [0x0000028916623aa0, 0x000002891662af70]

GC Heap History (20 events):
Event: 264.270 GC heap before
{Heap before GC invocations=16 (full 0):
 garbage-first heap   total 262144K, used 244977K [0x00000000e0000000, 0x0000000100000000)
  region size 1024K, 153 young (156672K), 3 survivors (3072K)
 Metaspace       used 74348K, committed 76928K, reserved 458752K
  class space    used 10710K, committed 11968K, reserved 327680K
}
Event: 264.280 GC heap after
{Heap after GC invocations=17 (full 0):
 garbage-first heap   total 264192K, used 106257K [0x00000000e0000000, 0x0000000100000000)
  region size 1024K, 17 young (17408K), 17 survivors (17408K)
 Metaspace       used 74348K, committed 76928K, reserved 458752K
  class space    used 10710K, committed 11968K, reserved 327680K
}
Event: 266.349 GC heap before
{Heap before GC invocations=17 (full 0):
 garbage-first heap   total 264192K, used 234257K [0x00000000e0000000, 0x0000000100000000)
  region size 1024K, 143 young (146432K), 17 survivors (17408K)
 Metaspace       used 81207K, committed 83904K, reserved 458752K
  class space    used 11513K, committed 12864K, reserved 327680K
}
Event: 266.372 GC heap after
{Heap after GC invocations=18 (full 0):
 garbage-first heap   total 264192K, used 112797K [0x00000000e0000000, 0x0000000100000000)
  region size 1024K, 8 young (8192K), 8 survivors (8192K)
 Metaspace       used 81207K, committed 83904K, reserved 458752K
  class space    used 11513K, committed 12864K, reserved 327680K
}
Event: 278.805 GC heap before
{Heap before GC invocations=18 (full 0):
 garbage-first heap   total 264192K, used 235677K [0x00000000e0000000, 0x0000000100000000)
  region size 1024K, 129 young (132096K), 8 survivors (8192K)
 Metaspace       used 85473K, committed 88192K, reserved 458752K
  class space    used 12054K, committed 13440K, reserved 327680K
}
Event: 278.817 GC heap after
{Heap after GC invocations=19 (full 0):
 garbage-first heap   total 264192K, used 121181K [0x00000000e0000000, 0x0000000100000000)
  region size 1024K, 17 young (17408K), 17 survivors (17408K)
 Metaspace       used 85473K, committed 88192K, reserved 458752K
  class space    used 12054K, committed 13440K, reserved 327680K
}
Event: 314.226 GC heap before
{Heap before GC invocations=20 (full 0):
 garbage-first heap   total 264192K, used 234845K [0x00000000e0000000, 0x0000000100000000)
  region size 1024K, 131 young (134144K), 17 survivors (17408K)
 Metaspace       used 85722K, committed 88512K, reserved 458752K
  class space    used 12068K, committed 13440K, reserved 327680K
}
Event: 314.240 GC heap after
{Heap after GC invocations=21 (full 0):
 garbage-first heap   total 264192K, used 123656K [0x00000000e0000000, 0x0000000100000000)
  region size 1024K, 15 young (15360K), 15 survivors (15360K)
 Metaspace       used 85722K, committed 88512K, reserved 458752K
  class space    used 12068K, committed 13440K, reserved 327680K
}
Event: 315.213 GC heap before
{Heap before GC invocations=21 (full 0):
 garbage-first heap   total 264192K, used 238344K [0x00000000e0000000, 0x0000000100000000)
  region size 1024K, 128 young (131072K), 15 survivors (15360K)
 Metaspace       used 85797K, committed 88576K, reserved 458752K
  class space    used 12071K, committed 13440K, reserved 327680K
}
Event: 315.225 GC heap after
{Heap after GC invocations=22 (full 0):
 garbage-first heap   total 264192K, used 125358K [0x00000000e0000000, 0x0000000100000000)
  region size 1024K, 14 young (14336K), 14 survivors (14336K)
 Metaspace       used 85797K, committed 88576K, reserved 458752K
  class space    used 12071K, committed 13440K, reserved 327680K
}
Event: 827.678 GC heap before
{Heap before GC invocations=22 (full 0):
 garbage-first heap   total 264192K, used 235950K [0x00000000e0000000, 0x0000000100000000)
  region size 1024K, 123 young (125952K), 14 survivors (14336K)
 Metaspace       used 89856K, committed 92608K, reserved 458752K
  class space    used 12693K, committed 14080K, reserved 327680K
}
Event: 827.840 GC heap after
{Heap after GC invocations=23 (full 0):
 garbage-first heap   total 264192K, used 125777K [0x00000000e0000000, 0x0000000100000000)
  region size 1024K, 7 young (7168K), 7 survivors (7168K)
 Metaspace       used 89856K, committed 92608K, reserved 458752K
  class space    used 12693K, committed 14080K, reserved 327680K
}
Event: 830.300 GC heap before
{Heap before GC invocations=24 (full 0):
 garbage-first heap   total 264192K, used 236369K [0x00000000e0000000, 0x0000000100000000)
  region size 1024K, 117 young (119808K), 7 survivors (7168K)
 Metaspace       used 90447K, committed 93504K, reserved 458752K
  class space    used 12351K, committed 14080K, reserved 327680K
}
Event: 830.318 GC heap after
{Heap after GC invocations=25 (full 0):
 garbage-first heap   total 264192K, used 128251K [0x00000000e0000000, 0x0000000100000000)
  region size 1024K, 11 young (11264K), 11 survivors (11264K)
 Metaspace       used 90447K, committed 93504K, reserved 458752K
  class space    used 12351K, committed 14080K, reserved 327680K
}
Event: 832.286 GC heap before
{Heap before GC invocations=25 (full 0):
 garbage-first heap   total 264192K, used 240891K [0x00000000e0000000, 0x0000000100000000)
  region size 1024K, 121 young (123904K), 11 survivors (11264K)
 Metaspace       used 91109K, committed 93632K, reserved 458752K
  class space    used 12457K, committed 14080K, reserved 327680K
}
Event: 832.345 GC heap after
{Heap after GC invocations=26 (full 0):
 garbage-first heap   total 269312K, used 118760K [0x00000000e0000000, 0x0000000100000000)
  region size 1024K, 16 young (16384K), 16 survivors (16384K)
 Metaspace       used 91109K, committed 93632K, reserved 458752K
  class space    used 12457K, committed 14080K, reserved 327680K
}
Event: 833.794 GC heap before
{Heap before GC invocations=26 (full 0):
 garbage-first heap   total 269312K, used 241640K [0x00000000e0000000, 0x0000000100000000)
  region size 1024K, 136 young (139264K), 16 survivors (16384K)
 Metaspace       used 91525K, committed 93952K, reserved 458752K
  class space    used 12512K, committed 14080K, reserved 327680K
}
Event: 833.840 GC heap after
{Heap after GC invocations=27 (full 0):
 garbage-first heap   total 269312K, used 121530K [0x00000000e0000000, 0x0000000100000000)
  region size 1024K, 7 young (7168K), 7 survivors (7168K)
 Metaspace       used 91525K, committed 93952K, reserved 458752K
  class space    used 12512K, committed 14080K, reserved 327680K
}
Event: 833.998 GC heap before
{Heap before GC invocations=27 (full 0):
 garbage-first heap   total 269312K, used 128698K [0x00000000e0000000, 0x0000000100000000)
  region size 1024K, 16 young (16384K), 7 survivors (7168K)
 Metaspace       used 91712K, committed 94080K, reserved 458752K
  class space    used 12542K, committed 14080K, reserved 327680K
}
Event: 834.008 GC heap after
{Heap after GC invocations=28 (full 0):
 garbage-first heap   total 269312K, used 123244K [0x00000000e0000000, 0x0000000100000000)
  region size 1024K, 9 young (9216K), 9 survivors (9216K)
 Metaspace       used 91712K, committed 94080K, reserved 458752K
  class space    used 12542K, committed 14080K, reserved 327680K
}

Dll operation events (15 events):
Event: 0.014 Loaded shared library C:\Program Files\Eclipse Adoptium\jdk-21.0.11.10-hotspot\bin\java.dll
Event: 0.053 Loaded shared library C:\Program Files\Eclipse Adoptium\jdk-21.0.11.10-hotspot\bin\jsvml.dll
Event: 0.101 Loaded shared library C:\Program Files\Eclipse Adoptium\jdk-21.0.11.10-hotspot\bin\zip.dll
Event: 0.105 Loaded shared library C:\Program Files\Eclipse Adoptium\jdk-21.0.11.10-hotspot\bin\instrument.dll
Event: 0.112 Loaded shared library C:\Program Files\Eclipse Adoptium\jdk-21.0.11.10-hotspot\bin\net.dll
Event: 0.115 Loaded shared library C:\Program Files\Eclipse Adoptium\jdk-21.0.11.10-hotspot\bin\nio.dll
Event: 0.118 Loaded shared library C:\Program Files\Eclipse Adoptium\jdk-21.0.11.10-hotspot\bin\zip.dll
Event: 0.411 Loaded shared library C:\Program Files\Eclipse Adoptium\jdk-21.0.11.10-hotspot\bin\jimage.dll
Event: 0.857 Loaded shared library C:\Program Files\Eclipse Adoptium\jdk-21.0.11.10-hotspot\bin\verify.dll
Event: 0.910 Loaded shared library C:\Users\PC\.gradle\native\660c5614fbf4a5f2a75b1949f50a0caf5cd603558e7d8a26e50b933a0cfb79d1\windows-amd64\native-platform.dll
Event: 0.934 Loaded shared library C:\Users\PC\.gradle\native\0.2.8\x86_64-windows-gnu\gradle-fileevents.dll
Event: 2.479 Loaded shared library C:\Program Files\Eclipse Adoptium\jdk-21.0.11.10-hotspot\bin\management.dll
Event: 2.484 Loaded shared library C:\Program Files\Eclipse Adoptium\jdk-21.0.11.10-hotspot\bin\management_ext.dll
Event: 2.685 Loaded shared library C:\Program Files\Eclipse Adoptium\jdk-21.0.11.10-hotspot\bin\extnet.dll
Event: 2.954 Loaded shared library C:\Program Files\Eclipse Adoptium\jdk-21.0.11.10-hotspot\bin\sunmscapi.dll

Deoptimization events (20 events):
Event: 850.352 Thread 0x0000028945e855c0 Uncommon trap: trap_request=0x0000006a fr.pc=0x000002891d833c8c relative=0x00000000000010cc
Event: 850.352 Thread 0x0000028945e855c0 Uncommon trap: reason=unloaded action=reinterpret pc=0x000002891d833c8c method=jdk.internal.reflect.DirectMethodHandleAccessor.invoke(Ljava/lang/Object;[Ljava/lang/Object;)Ljava/lang/Object; @ 83 c2
Event: 850.352 Thread 0x0000028945e855c0 DEOPT PACKING pc=0x000002891d833c8c sp=0x000000e007dfdef0
Event: 850.352 Thread 0x0000028945e855c0 DEOPT UNPACKING pc=0x000002891c964422 sp=0x000000e007dfde58 mode 2
Event: 850.445 Thread 0x0000028945e84210 Uncommon trap: trap_request=0xffffff45 fr.pc=0x000002891d8426fc relative=0x00000000000030fc
Event: 850.446 Thread 0x0000028945e84210 Uncommon trap: reason=unstable_if action=reinterpret pc=0x000002891d8426fc method=org.gradle.internal.logging.text.AbstractLineChoppingStyledTextOutput$2.execute(Lorg/gradle/internal/logging/text/AbstractLineChoppingStyledTextOutput$StateContext;)V @ 34 c
Event: 850.446 Thread 0x0000028945e81420 Uncommon trap: trap_request=0xffffffde fr.pc=0x000002891d2cb98c relative=0x000000000000006c
Event: 850.447 Thread 0x0000028945e81420 Uncommon trap: reason=class_check action=maybe_recompile pc=0x000002891d2cb98c method=groovy.lang.MetaMethod.isStatic()Z @ 1 c2
Event: 850.447 Thread 0x0000028945e84210 DEOPT PACKING pc=0x000002891d8426fc sp=0x000000e007bfe930
Event: 850.447 Thread 0x0000028945e84210 DEOPT UNPACKING pc=0x000002891c964422 sp=0x000000e007bfe7a8 mode 2
Event: 850.448 Thread 0x0000028945e81420 DEOPT PACKING pc=0x000002891d2cb98c sp=0x000000e0074fc4d0
Event: 850.448 Thread 0x0000028945e84210 Uncommon trap: trap_request=0xffffff45 fr.pc=0x000002891d4fa8dc relative=0x000000000000041c
Event: 850.448 Thread 0x0000028945e81420 DEOPT UNPACKING pc=0x000002891c964422 sp=0x000000e0074fc458 mode 2
Event: 850.448 Thread 0x0000028945e84210 Uncommon trap: reason=unstable_if action=reinterpret pc=0x000002891d4fa8dc method=org.gradle.internal.logging.text.AbstractLineChoppingStyledTextOutput$2.execute(Lorg/gradle/internal/logging/text/AbstractLineChoppingStyledTextOutput$StateContext;)V @ 34 c
Event: 850.448 Thread 0x0000028945e81420 Uncommon trap: trap_request=0xffffffde fr.pc=0x000002891d2cb98c relative=0x000000000000006c
Event: 850.448 Thread 0x0000028945e81420 Uncommon trap: reason=class_check action=maybe_recompile pc=0x000002891d2cb98c method=groovy.lang.MetaMethod.isStatic()Z @ 1 c2
Event: 850.448 Thread 0x0000028945e84210 DEOPT PACKING pc=0x000002891d4fa8dc sp=0x000000e007bfe910
Event: 850.448 Thread 0x0000028945e84210 DEOPT UNPACKING pc=0x000002891c964422 sp=0x000000e007bfe7a8 mode 2
Event: 850.449 Thread 0x0000028945e81420 DEOPT PACKING pc=0x000002891d2cb98c sp=0x000000e0074fc4d0
Event: 850.449 Thread 0x0000028945e81420 DEOPT UNPACKING pc=0x000002891c964422 sp=0x000000e0074fc458 mode 2

Classes loaded (20 events):
Event: 834.910 Loading class java/nio/file/Files$2
Event: 834.911 Loading class java/nio/file/Files$2 done
Event: 834.912 Loading class java/util/stream/SortedOps$RefSortingSink
Event: 834.913 Loading class java/util/stream/SortedOps$RefSortingSink done
Event: 835.134 Loading class java/util/concurrent/ArrayBlockingQueue$Itrs
Event: 835.135 Loading class java/util/concurrent/ArrayBlockingQueue$Itrs done
Event: 835.173 Loading class java/lang/ProcessImpl
Event: 835.175 Loading class java/lang/ProcessImpl done
Event: 835.202 Loading class java/lang/ProcessHandleImpl
Event: 835.204 Loading class java/lang/ProcessHandleImpl done
Event: 835.206 Loading class java/lang/ProcessImpl$2
Event: 835.206 Loading class java/lang/ProcessImpl$2 done
Event: 835.206 Loading class java/lang/Process$PipeInputStream
Event: 835.206 Loading class java/lang/Process$PipeInputStream done
Event: 835.212 Loading class jdk/internal/event/ProcessStartEvent
Event: 835.215 Loading class jdk/internal/event/ProcessStartEvent done
Event: 837.265 Loading class java/nio/channels/AsynchronousCloseException
Event: 837.266 Loading class java/nio/channels/AsynchronousCloseException done
Event: 850.351 Loading class java/lang/invoke/WrongMethodTypeException
Event: 850.351 Loading class java/lang/invoke/WrongMethodTypeException done

Classes unloaded (20 events):
Event: 834.127 Thread 0x0000028927b6c7d0 Unloading class 0x000002892993ac00 'java/lang/invoke/LambdaForm$MH+0x000002892993ac00'
Event: 834.127 Thread 0x0000028927b6c7d0 Unloading class 0x00000289298b4c00 'java/lang/invoke/LambdaForm$MH+0x00000289298b4c00'
Event: 834.127 Thread 0x0000028927b6c7d0 Unloading class 0x00000289298b4800 'java/lang/invoke/LambdaForm$MH+0x00000289298b4800'
Event: 834.127 Thread 0x0000028927b6c7d0 Unloading class 0x00000289298b4000 'java/lang/invoke/LambdaForm$MH+0x00000289298b4000'
Event: 834.127 Thread 0x0000028927b6c7d0 Unloading class 0x00000289298b3c00 'java/lang/invoke/LambdaForm$MH+0x00000289298b3c00'
Event: 834.127 Thread 0x0000028927b6c7d0 Unloading class 0x00000289298b1800 'java/lang/invoke/LambdaForm$MH+0x00000289298b1800'
Event: 834.127 Thread 0x0000028927b6c7d0 Unloading class 0x00000289298b1400 'java/lang/invoke/LambdaForm$MH+0x00000289298b1400'
Event: 834.127 Thread 0x0000028927b6c7d0 Unloading class 0x00000289298ac000 'java/lang/invoke/LambdaForm$MH+0x00000289298ac000'
Event: 834.127 Thread 0x0000028927b6c7d0 Unloading class 0x00000289297fd800 'java/lang/invoke/LambdaForm$MH+0x00000289297fd800'
Event: 834.127 Thread 0x0000028927b6c7d0 Unloading class 0x00000289297fc800 'java/lang/invoke/LambdaForm$MH+0x00000289297fc800'
Event: 834.127 Thread 0x0000028927b6c7d0 Unloading class 0x0000028929719c00 'java/lang/invoke/LambdaForm$MH+0x0000028929719c00'
Event: 834.127 Thread 0x0000028927b6c7d0 Unloading class 0x0000028929718800 'java/lang/invoke/LambdaForm$MH+0x0000028929718800'
Event: 834.127 Thread 0x0000028927b6c7d0 Unloading class 0x0000028929718400 'java/lang/invoke/LambdaForm$MH+0x0000028929718400'
Event: 834.127 Thread 0x0000028927b6c7d0 Unloading class 0x0000028929635400 'java/lang/invoke/LambdaForm$MH+0x0000028929635400'
Event: 834.127 Thread 0x0000028927b6c7d0 Unloading class 0x0000028929635000 'java/lang/invoke/LambdaForm$MH+0x0000028929635000'
Event: 834.127 Thread 0x0000028927b6c7d0 Unloading class 0x0000028929623000 'java/lang/invoke/LambdaForm$MH+0x0000028929623000'
Event: 834.127 Thread 0x0000028927b6c7d0 Unloading class 0x000002892961d800 'java/lang/invoke/LambdaForm$MH+0x000002892961d800'
Event: 834.127 Thread 0x0000028927b6c7d0 Unloading class 0x0000028929410400 'java/lang/invoke/LambdaForm$MH+0x0000028929410400'
Event: 834.127 Thread 0x0000028927b6c7d0 Unloading class 0x000002892915c000 'java/lang/invoke/LambdaForm$MH+0x000002892915c000'
Event: 834.127 Thread 0x0000028927b6c7d0 Unloading class 0x0000028929000400 'java/lang/invoke/LambdaForm$MH+0x0000028929000400'

Classes redefined (0 events):
No events

Internal exceptions (20 events):
Event: 835.202 Thread 0x0000028945e827d0 Exception <a 'java/lang/NoSuchMethodError'{0x00000000eeaa3a78}: 'void java.lang.invoke.DirectMethodHandle$Holder.invokeStatic(java.lang.Object, long)'> (0x00000000eeaa3a78) 
thrown [s\src\hotspot\share\interpreter\linkResolver.cpp, line 773]
Event: 835.205 Thread 0x0000028945e827d0 Exception <a 'java/lang/NoSuchMethodError'{0x00000000eeaadf28}: 'java.lang.Object java.lang.invoke.DirectMethodHandle$Holder.invokeStaticInit(java.lang.Object, long, java.lang.Object)'> (0x00000000eeaadf28) 
thrown [s\src\hotspot\share\interpreter\linkResolver.cpp, line 773]
Event: 838.143 Thread 0x00000289478131a0 Exception <a 'java/lang/NoSuchMethodError'{0x00000000ee8c29f8}: static Lorg/gradle/internal/build/event/types/test/source/DefaultClassSource;.<clinit>()V> (0x00000000ee8c29f8) 
thrown [s\src\hotspot\share\prims\jni.cpp, line 1111]
Event: 838.640 Thread 0x00000289478131a0 Exception <a 'java/lang/NoSuchMethodError'{0x00000000ee722b68}: static Lorg/gradle/internal/build/event/types/DefaultTestOutputEvent;.<clinit>()V> (0x00000000ee722b68) 
thrown [s\src\hotspot\share\prims\jni.cpp, line 1111]
Event: 838.642 Thread 0x00000289478131a0 Exception <a 'java/lang/NoSuchMethodError'{0x00000000ee749030}: static Lorg/gradle/internal/build/event/types/DefaultTestOutputDescriptor;.<clinit>()V> (0x00000000ee749030) 
thrown [s\src\hotspot\share\prims\jni.cpp, line 1111]
Event: 838.644 Thread 0x00000289478131a0 Exception <a 'java/lang/NoSuchMethodError'{0x00000000ee752698}: static Lorg/gradle/internal/build/event/types/DefaultTestOutputResult;.<clinit>()V> (0x00000000ee752698) 
thrown [s\src\hotspot\share\prims\jni.cpp, line 1111]
Event: 849.509 Thread 0x0000028945e81420 Exception <a 'java/lang/IncompatibleClassChangeError'{0x00000000ee73bca0}: Found class java.lang.Object, but interface was expected> (0x00000000ee73bca0) 
thrown [s\src\hotspot\share\interpreter\linkResolver.cpp, line 840]
Event: 849.510 Thread 0x00000289478131a0 Exception <a 'java/lang/NoSuchMethodError'{0x00000000ee7c7c20}: static Lorg/gradle/internal/build/event/types/test/source/DefaultMethodSource;.<clinit>()V> (0x00000000ee7c7c20) 
thrown [s\src\hotspot\share\prims\jni.cpp, line 1111]
Event: 850.433 Thread 0x0000028945e81420 Exception <a 'java/lang/IncompatibleClassChangeError'{0x00000000ee4844b8}: Found class java.lang.Object, but interface was expected> (0x00000000ee4844b8) 
thrown [s\src\hotspot\share\interpreter\linkResolver.cpp, line 840]
Event: 850.445 Thread 0x0000028945e81420 Exception <a 'java/lang/ClassNotFoundException'{0x00000000ee48dea8}: groovy/runtime/metaclass/[Ljava/lang/Object;MetaClass> (0x00000000ee48dea8) 
thrown [s\src\hotspot\share\prims\jni.cpp, line 539]
Event: 850.455 Thread 0x0000028945e81420 Exception <a 'java/lang/ClassNotFoundException'{0x00000000ee499790}: [Ljava/lang/Object;BeanInfo> (0x00000000ee499790) 
thrown [s\src\hotspot\share\prims\jni.cpp, line 539]
Event: 850.456 Thread 0x00000289478131a0 Exception <a 'java/lang/NoSuchMethodError'{0x00000000ee4b51c8}: static Lorg/gradle/internal/build/event/types/DefaultTestFinishedProgressEvent;.<clinit>()V> (0x00000000ee4b51c8) 
thrown [s\src\hotspot\share\prims\jni.cpp, line 1111]
Event: 850.456 Thread 0x0000028945e81420 Exception <a 'java/lang/ClassNotFoundException'{0x00000000ee49a2c0}: [Ljava/lang/Object;BeanInfo> (0x00000000ee49a2c0) 
thrown [s\src\hotspot\share\prims\jni.cpp, line 539]
Event: 850.456 Thread 0x0000028945e81420 Exception <a 'java/lang/ClassNotFoundException'{0x00000000ee49aeb0}: [Ljava/lang/Object;Customizer> (0x00000000ee49aeb0) 
thrown [s\src\hotspot\share\prims\jni.cpp, line 539]
Event: 850.456 Thread 0x0000028945e81420 Exception <a 'java/lang/ClassNotFoundException'{0x00000000ee49b730}: [Ljava/lang/Object;Customizer> (0x00000000ee49b730) 
thrown [s\src\hotspot\share\prims\jni.cpp, line 539]
Event: 850.460 Thread 0x00000289478131a0 Exception <a 'java/lang/NoSuchMethodError'{0x00000000ee4c7850}: static Lorg/gradle/internal/build/event/types/DefaultTestFailureResult;.<clinit>()V> (0x00000000ee4c7850) 
thrown [s\src\hotspot\share\prims\jni.cpp, line 1111]
Event: 850.460 Thread 0x00000289478131a0 Exception <a 'java/lang/NoSuchMethodError'{0x00000000ee4c8730}: static Lorg/gradle/internal/build/event/types/AbstractTestResult;.<clinit>()V> (0x00000000ee4c8730) 
thrown [s\src\hotspot\share\prims\jni.cpp, line 1111]
Event: 850.481 Thread 0x00000289478131a0 Exception <a 'java/lang/NoSuchMethodError'{0x00000000ee4e58e0}: static Lorg/gradle/internal/build/event/types/DefaultTestFrameworkFailure;.<clinit>()V> (0x00000000ee4e58e0) 
thrown [s\src\hotspot\share\prims\jni.cpp, line 1111]
Event: 850.483 Thread 0x00000289478131a0 Exception <a 'java/lang/NoSuchMethodError'{0x00000000ee4e7db8}: static Lorg/gradle/internal/build/event/types/AbstractTestFailure;.<clinit>()V> (0x00000000ee4e7db8) 
thrown [s\src\hotspot\share\prims\jni.cpp, line 1111]
Event: 850.483 Thread 0x00000289478131a0 Exception <a 'java/lang/NoSuchMethodError'{0x00000000ee4ea0a0}: static Lorg/gradle/internal/build/event/types/DefaultFailure;.<clinit>()V> (0x00000000ee4ea0a0) 
thrown [s\src\hotspot\share\prims\jni.cpp, line 1111]

ZGC Phase Switch (0 events):
No events

VM Operations (20 events):
Event: 837.296 Executing safepoint VM operation: Cleanup
Event: 837.296 Executing safepoint VM operation: Cleanup done
Event: 838.304 Executing safepoint VM operation: Cleanup
Event: 838.304 Executing safepoint VM operation: Cleanup done
Event: 839.309 Executing safepoint VM operation: Cleanup
Event: 839.309 Executing safepoint VM operation: Cleanup done
Event: 841.322 Executing safepoint VM operation: Cleanup
Event: 841.322 Executing safepoint VM operation: Cleanup done
Event: 841.839 Executing non-safepoint VM operation: HandshakeAllThreads (HandshakeForDeflation)
Event: 841.839 Executing non-safepoint VM operation: HandshakeAllThreads (HandshakeForDeflation) done
Event: 841.839 Executing non-safepoint VM operation: RendezvousGCThreads
Event: 841.839 Executing non-safepoint VM operation: RendezvousGCThreads done
Event: 844.864 Executing safepoint VM operation: Cleanup
Event: 844.864 Executing safepoint VM operation: Cleanup done
Event: 850.338 Executing non-safepoint VM operation: HandshakeAllThreads (Deoptimize)
Event: 850.339 Executing non-safepoint VM operation: HandshakeAllThreads (Deoptimize) done
Event: 850.339 Executing safepoint VM operation: Cleanup
Event: 850.339 Executing safepoint VM operation: Cleanup done
Event: 850.377 Executing non-safepoint VM operation: HandshakeAllThreads (Deoptimize)
Event: 850.378 Executing non-safepoint VM operation: HandshakeAllThreads (Deoptimize) done

Memory protections (0 events):
No events

Nmethod flushes (20 events):
Event: 834.165 Thread 0x0000028927b6c7d0 flushing  nmethod 0x0000028916fce190
Event: 834.165 Thread 0x0000028927b6c7d0 flushing  nmethod 0x0000028916fcf610
Event: 834.165 Thread 0x0000028927b6c7d0 flushing  nmethod 0x0000028916fcfa10
Event: 834.165 Thread 0x0000028927b6c7d0 flushing  nmethod 0x0000028916fcfe10
Event: 834.165 Thread 0x0000028927b6c7d0 flushing  nmethod 0x0000028916fd0890
Event: 834.165 Thread 0x0000028927b6c7d0 flushing  nmethod 0x0000028916fd0d90
Event: 834.165 Thread 0x0000028927b6c7d0 flushing  nmethod 0x0000028916fd1110
Event: 834.165 Thread 0x0000028927b6c7d0 flushing  nmethod 0x0000028916fd2410
Event: 834.165 Thread 0x0000028927b6c7d0 flushing  nmethod 0x0000028916fd2810
Event: 834.165 Thread 0x0000028927b6c7d0 flushing  nmethod 0x0000028916fd2d10
Event: 834.165 Thread 0x0000028927b6c7d0 flushing  nmethod 0x0000028916fd3510
Event: 834.165 Thread 0x0000028927b6c7d0 flushing  nmethod 0x0000028916fd4490
Event: 834.165 Thread 0x0000028927b6c7d0 flushing  nmethod 0x0000028916fe8410
Event: 834.165 Thread 0x0000028927b6c7d0 flushing  nmethod 0x0000028916fed110
Event: 834.165 Thread 0x0000028927b6c7d0 flushing  nmethod 0x0000028916fed890
Event: 834.165 Thread 0x0000028927b6c7d0 flushing  nmethod 0x0000028916fee090
Event: 834.165 Thread 0x0000028927b6c7d0 flushing  nmethod 0x0000028916ff1e90
Event: 834.165 Thread 0x0000028927b6c7d0 flushing  nmethod 0x0000028916ff7b10
Event: 834.165 Thread 0x0000028927b6c7d0 flushing  nmethod 0x0000028916ffa990
Event: 834.165 Thread 0x0000028927b6c7d0 flushing  nmethod 0x0000028916ffb210

Events (20 events):
Event: 833.526 Thread 0x0000028943fd6480 Thread added: 0x0000028942f99ef0
Event: 833.526 Thread 0x0000028943fd6480 Thread added: 0x0000028942f9bfc0
Event: 833.527 Thread 0x0000028943fd6480 Thread added: 0x0000028942f9c650
Event: 833.527 Thread 0x0000028943fd6480 Thread added: 0x0000028942f9a580
Event: 833.529 Thread 0x0000028943fd71a0 Thread added: 0x0000028944760b60
Event: 834.903 Thread 0x0000028943fd4a40 Thread added: 0x0000028945e81420
Event: 834.921 Thread 0x0000028943fd4a40 Thread added: 0x0000028945e81ab0
Event: 835.090 Thread 0x0000028945e81ab0 Thread added: 0x0000028945e82140
Event: 835.167 Thread 0x0000028945e81ab0 Thread added: 0x0000028945e827d0
Event: 835.217 Thread 0x0000028945e827d0 Thread added: 0x0000028945e7f350
Event: 835.218 Thread 0x0000028945e827d0 Thread added: 0x0000028945e82e60
Event: 835.218 Thread 0x0000028945e827d0 Thread added: 0x0000028945e7f9e0
Event: 835.218 Thread 0x0000028945e827d0 Thread added: 0x0000028945e84210
Event: 835.702 Thread 0x00000289433a49a0 Thread exited: 0x00000289433a49a0
Event: 835.892 Thread 0x0000028945e7f350 Thread exited: 0x0000028945e7f350
Event: 837.265 Thread 0x0000028945e82140 Thread added: 0x0000028945e7f350
Event: 837.267 Thread 0x0000028945e81ab0 Thread added: 0x0000028945e848a0
Event: 837.300 Thread 0x0000028945e81ab0 Thread added: 0x0000028945e834f0
Event: 837.301 Thread 0x0000028945e81ab0 Thread added: 0x0000028945e855c0
Event: 848.488 Thread 0x0000028942f991d0 Thread added: 0x0000028945e84f30


Dynamic libraries:
0x00007ff6f4a80000 - 0x00007ff6f4a8e000 	C:\Program Files\Eclipse Adoptium\jdk-21.0.11.10-hotspot\bin\java.exe
0x00007ffa26880000 - 0x00007ffa26ae6000 	C:\WINDOWS\SYSTEM32\ntdll.dll
0x00007ffa25980000 - 0x00007ffa25a49000 	C:\WINDOWS\System32\KERNEL32.DLL
0x00007ffa23aa0000 - 0x00007ffa23e9e000 	C:\WINDOWS\System32\KERNELBASE.dll
0x00007ffa23eb0000 - 0x00007ffa23ffc000 	C:\WINDOWS\System32\ucrtbase.dll
0x00007ff9b96f0000 - 0x00007ff9b970e000 	C:\Program Files\Eclipse Adoptium\jdk-21.0.11.10-hotspot\bin\VCRUNTIME140.dll
0x00007ff9b8e80000 - 0x00007ff9b8e98000 	C:\Program Files\Eclipse Adoptium\jdk-21.0.11.10-hotspot\bin\jli.dll
0x00007ffa25c20000 - 0x00007ffa25de7000 	C:\WINDOWS\System32\USER32.dll
0x00007ffa0ad70000 - 0x00007ffa0b002000 	C:\WINDOWS\WinSxS\amd64_microsoft.windows.common-controls_6595b64144ccf1df_6.0.26100.8894_none_3e0f749ee32e02ea\COMCTL32.dll
0x00007ffa244d0000 - 0x00007ffa244f7000 	C:\WINDOWS\System32\win32u.dll
0x00007ffa24b60000 - 0x00007ffa24c09000 	C:\WINDOWS\System32\msvcrt.dll
0x00007ffa24670000 - 0x00007ffa2469b000 	C:\WINDOWS\System32\GDI32.dll
0x00007ffa24220000 - 0x00007ffa2434a000 	C:\WINDOWS\System32\gdi32full.dll
0x00007ffa24500000 - 0x00007ffa245a3000 	C:\WINDOWS\System32\msvcp_win.dll
0x00007ffa255e0000 - 0x00007ffa25612000 	C:\WINDOWS\System32\IMM32.DLL
0x00007ffa0e720000 - 0x00007ffa0e72c000 	C:\Program Files\Eclipse Adoptium\jdk-21.0.11.10-hotspot\bin\vcruntime140_1.dll
0x00007ff9accb0000 - 0x00007ff9acd3d000 	C:\Program Files\Eclipse Adoptium\jdk-21.0.11.10-hotspot\bin\msvcp140.dll
0x00007ff976730000 - 0x00007ff9774d2000 	C:\Program Files\Eclipse Adoptium\jdk-21.0.11.10-hotspot\bin\server\jvm.dll
0x00007ffa26280000 - 0x00007ffa26337000 	C:\WINDOWS\System32\ADVAPI32.dll
0x00007ffa246b0000 - 0x00007ffa2475a000 	C:\WINDOWS\System32\sechost.dll
0x00007ffa25b00000 - 0x00007ffa25c18000 	C:\WINDOWS\System32\RPCRT4.dll
0x00007ffa263b0000 - 0x00007ffa26430000 	C:\WINDOWS\System32\WS2_32.dll
0x00007ffa0abe0000 - 0x00007ffa0ac16000 	C:\WINDOWS\SYSTEM32\WINMM.dll
0x00007ffa23900000 - 0x00007ffa2395e000 	C:\WINDOWS\SYSTEM32\POWRPROF.dll
0x00007ffa19220000 - 0x00007ffa1922b000 	C:\WINDOWS\SYSTEM32\VERSION.dll
0x00007ffa238e0000 - 0x00007ffa238f4000 	C:\WINDOWS\SYSTEM32\UMPDC.dll
0x00007ffa22740000 - 0x00007ffa2275b000 	C:\WINDOWS\SYSTEM32\kernel.appcore.dll
0x00007ffa0cf70000 - 0x00007ffa0cf7a000 	C:\Program Files\Eclipse Adoptium\jdk-21.0.11.10-hotspot\bin\jimage.dll
0x00007ffa0b420000 - 0x00007ffa0b662000 	C:\WINDOWS\SYSTEM32\DBGHELP.DLL
0x00007ffa264b0000 - 0x00007ffa26833000 	C:\WINDOWS\System32\combase.dll
0x00007ffa256b0000 - 0x00007ffa25789000 	C:\WINDOWS\System32\OLEAUT32.dll
0x00007ffa0db10000 - 0x00007ffa0db4b000 	C:\WINDOWS\SYSTEM32\dbgcore.DLL
0x00007ffa24010000 - 0x00007ffa240bc000 	C:\WINDOWS\System32\bcryptPrimitives.dll
0x00007ffa07e60000 - 0x00007ffa07e6f000 	C:\Program Files\Eclipse Adoptium\jdk-21.0.11.10-hotspot\bin\instrument.dll
0x00007ff9b5660000 - 0x00007ff9b5680000 	C:\Program Files\Eclipse Adoptium\jdk-21.0.11.10-hotspot\bin\java.dll
0x00007ffa24c10000 - 0x00007ffa253a2000 	C:\WINDOWS\System32\SHELL32.dll
0x00007ffa21520000 - 0x00007ffa21db2000 	C:\WINDOWS\SYSTEM32\windows.storage.dll
0x00007ffa24780000 - 0x00007ffa24877000 	C:\WINDOWS\System32\SHCORE.dll
0x00007ffa26340000 - 0x00007ffa263a7000 	C:\WINDOWS\System32\shlwapi.dll
0x00007ffa239c0000 - 0x00007ffa239e9000 	C:\WINDOWS\SYSTEM32\profapi.dll
0x00007ff99f820000 - 0x00007ff99f8f7000 	C:\Program Files\Eclipse Adoptium\jdk-21.0.11.10-hotspot\bin\jsvml.dll
0x00007ff9b5540000 - 0x00007ff9b5558000 	C:\Program Files\Eclipse Adoptium\jdk-21.0.11.10-hotspot\bin\zip.dll
0x00007ffa07ce0000 - 0x00007ffa07cf0000 	C:\Program Files\Eclipse Adoptium\jdk-21.0.11.10-hotspot\bin\net.dll
0x00007ffa1c140000 - 0x00007ffa1c267000 	C:\WINDOWS\SYSTEM32\WINHTTP.dll
0x00007ffa22ce0000 - 0x00007ffa22d4c000 	C:\WINDOWS\system32\mswsock.dll
0x00007ff9b4f60000 - 0x00007ff9b4f76000 	C:\Program Files\Eclipse Adoptium\jdk-21.0.11.10-hotspot\bin\nio.dll
0x00007ff9eed50000 - 0x00007ff9eed60000 	C:\Program Files\Eclipse Adoptium\jdk-21.0.11.10-hotspot\bin\verify.dll
0x00007ff9e7ee0000 - 0x00007ff9e7f07000 	C:\Users\PC\.gradle\native\660c5614fbf4a5f2a75b1949f50a0caf5cd603558e7d8a26e50b933a0cfb79d1\windows-amd64\native-platform.dll
0x00007ff9a66a0000 - 0x00007ff9a6717000 	C:\Users\PC\.gradle\native\0.2.8\x86_64-windows-gnu\gradle-fileevents.dll
0x00007ff9e9760000 - 0x00007ff9e976a000 	C:\Program Files\Eclipse Adoptium\jdk-21.0.11.10-hotspot\bin\management.dll
0x00007ff9e7ad0000 - 0x00007ff9e7adc000 	C:\Program Files\Eclipse Adoptium\jdk-21.0.11.10-hotspot\bin\management_ext.dll
0x00007ffa264a0000 - 0x00007ffa264a8000 	C:\WINDOWS\System32\PSAPI.DLL
0x00007ffa220f0000 - 0x00007ffa22123000 	C:\WINDOWS\SYSTEM32\IPHLPAPI.DLL
0x00007ffa246a0000 - 0x00007ffa246aa000 	C:\WINDOWS\System32\NSI.dll
0x00007ff9e5810000 - 0x00007ff9e5819000 	C:\Program Files\Eclipse Adoptium\jdk-21.0.11.10-hotspot\bin\extnet.dll
0x00007ffa23010000 - 0x00007ffa2302b000 	C:\WINDOWS\SYSTEM32\CRYPTSP.dll
0x00007ffa226a0000 - 0x00007ffa226d9000 	C:\WINDOWS\system32\rsaenh.dll
0x00007ffa22da0000 - 0x00007ffa22dd2000 	C:\WINDOWS\SYSTEM32\USERENV.dll
0x00007ffa23990000 - 0x00007ffa239ba000 	C:\WINDOWS\SYSTEM32\bcrypt.dll
0x00007ffa23030000 - 0x00007ffa2303c000 	C:\WINDOWS\SYSTEM32\CRYPTBASE.dll
0x00007ff9e23e0000 - 0x00007ff9e23ee000 	C:\Program Files\Eclipse Adoptium\jdk-21.0.11.10-hotspot\bin\sunmscapi.dll
0x00007ffa24350000 - 0x00007ffa244c8000 	C:\WINDOWS\System32\CRYPT32.dll
0x00007ffa23270000 - 0x00007ffa232a0000 	C:\WINDOWS\SYSTEM32\ncrypt.dll
0x00007ffa23220000 - 0x00007ffa2325f000 	C:\WINDOWS\SYSTEM32\NTASN1.dll
0x00007ff9f2cc0000 - 0x00007ff9f2cc8000 	C:\WINDOWS\system32\wshunix.dll
0x00007ffa22130000 - 0x00007ffa22286000 	C:\WINDOWS\SYSTEM32\DNSAPI.dll
0x00007ffa22ae0000 - 0x00007ffa22aed000 	C:\WINDOWS\SYSTEM32\DSPARSE.dll
0x00007ffa14b60000 - 0x00007ffa14b6b000 	C:\Windows\System32\rasadhlp.dll
0x00007ffa1b280000 - 0x00007ffa1b306000 	C:\WINDOWS\System32\fwpuclnt.dll

JVMTI agents:
C:\Users\PC\.gradle\wrapper\dists\gradle-9.5.1-bin\iq79hdu3mqx29lgffhp8bfmx\gradle-9.5.1\lib\agents\gradle-instrumentation-agent-9.5.1.jar path:C:\Program Files\Eclipse Adoptium\jdk-21.0.11.10-hotspot\bin\instrument.dll, loaded, initialized, instrumentlib options:none

dbghelp: loaded successfully - version: 4.0.5 - missing functions: none
symbol engine: initialized successfully - sym options: 0x614 - pdb path: .;C:\Program Files\Eclipse Adoptium\jdk-21.0.11.10-hotspot\bin;C:\WINDOWS\SYSTEM32;C:\WINDOWS\WinSxS\amd64_microsoft.windows.common-controls_6595b64144ccf1df_6.0.26100.8894_none_3e0f749ee32e02ea;C:\Program Files\Eclipse Adoptium\jdk-21.0.11.10-hotspot\bin\server;C:\Users\PC\.gradle\native\660c5614fbf4a5f2a75b1949f50a0caf5cd603558e7d8a26e50b933a0cfb79d1\windows-amd64;C:\Users\PC\.gradle\native\0.2.8\x86_64-windows-gnu

VM Arguments:
jvm_args: --add-opens=java.base/java.lang=ALL-UNNAMED --add-opens=java.base/java.lang.invoke=ALL-UNNAMED --add-opens=java.base/java.util=ALL-UNNAMED --add-opens=java.prefs/java.util.prefs=ALL-UNNAMED --add-exports=jdk.compiler/com.sun.tools.javac.api=ALL-UNNAMED --add-exports=jdk.compiler/com.sun.tools.javac.util=ALL-UNNAMED --add-opens=java.base/java.nio.charset=ALL-UNNAMED --add-opens=java.base/java.net=ALL-UNNAMED --add-opens=java.base/java.util.concurrent=ALL-UNNAMED --add-opens=java.base/java.util.concurrent.atomic=ALL-UNNAMED --add-opens=java.xml/javax.xml.namespace=ALL-UNNAMED --add-opens=java.base/java.time=ALL-UNNAMED -XX:MaxMetaspaceSize=384m -XX:+HeapDumpOnOutOfMemoryError -Xms256m -Xmx512m -Dfile.encoding=UTF-8 -Duser.country=TR -Duser.language=tr -Duser.variant -javaagent:C:\Users\PC\.gradle\wrapper\dists\gradle-9.5.1-bin\iq79hdu3mqx29lgffhp8bfmx\gradle-9.5.1\lib\agents\gradle-instrumentation-agent-9.5.1.jar 
java_command: org.gradle.launcher.daemon.bootstrap.GradleDaemon 9.5.1
java_class_path (initial): C:\Users\PC\.gradle\wrapper\dists\gradle-9.5.1-bin\iq79hdu3mqx29lgffhp8bfmx\gradle-9.5.1\lib\gradle-daemon-main-9.5.1.jar
Launcher Type: SUN_STANDARD

[Global flags]
     intx CICompilerCount                          = 4                                         {product} {ergonomic}
   size_t CompressedClassSpaceSize                 = 335544320                                 {product} {ergonomic}
     uint ConcGCThreads                            = 2                                         {product} {ergonomic}
     uint G1ConcRefinementThreads                  = 8                                         {product} {ergonomic}
   size_t G1HeapRegionSize                         = 1048576                                   {product} {ergonomic}
    uintx GCDrainStackTargetSize                   = 64                                        {product} {ergonomic}
     bool HeapDumpOnOutOfMemoryError               = true                                   {manageable} {command line}
   size_t InitialHeapSize                          = 268435456                                 {product} {command line}
   size_t MarkStackSize                            = 4194304                                   {product} {ergonomic}
   size_t MaxHeapSize                              = 536870912                                 {product} {command line}
   size_t MaxMetaspaceSize                         = 402653184                                 {product} {command line}
   size_t MaxNewSize                               = 321912832                                 {product} {ergonomic}
   size_t MinHeapDeltaBytes                        = 1048576                                   {product} {ergonomic}
   size_t MinHeapSize                              = 268435456                                 {product} {command line}
    uintx NonNMethodCodeHeapSize                   = 5839372                                {pd product} {ergonomic}
    uintx NonProfiledCodeHeapSize                  = 122909434                              {pd product} {ergonomic}
    uintx ProfiledCodeHeapSize                     = 122909434                              {pd product} {ergonomic}
    uintx ReservedCodeCacheSize                    = 251658240                              {pd product} {ergonomic}
     bool SegmentedCodeCache                       = true                                      {product} {ergonomic}
   size_t SoftMaxHeapSize                          = 536870912                              {manageable} {ergonomic}
     bool UseCompressedOops                        = true                           {product lp64_product} {ergonomic}
     bool UseG1GC                                  = true                                      {product} {ergonomic}
     bool UseLargePagesIndividualAllocation        = false                                  {pd product} {ergonomic}

Logging:
Log output configuration:
 #0: stdout all=warning uptime,level,tags foldmultilines=false
 #1: stderr all=off uptime,level,tags foldmultilines=false

Release file:
IMPLEMENTOR="Eclipse Adoptium" 
IMPLEMENTOR_VERSION="Temurin-21.0.11+10" 
JAVA_RUNTIME_VERSION="21.0.11+10-LTS" 
JAVA_VERSION="21.0.11" 
JAVA_VERSION_DATE="2026-04-21" 
LIBC="default" 
MODULES="java.base java.compiler java.datatransfer java.xml java.prefs java.desktop java.instrument java.logging java.management java.security.sasl java.naming java.rmi java.management.rmi java.net.http java.scripting java.security.jgss java.transaction.xa java.sql java.sql.rowset java.xml.crypto java.se java.smartcardio jdk.accessibility jdk.internal.jvmstat jdk.attach jdk.charsets jdk.internal.opt jdk.zipfs jdk.compiler jdk.crypto.ec jdk.crypto.cryptoki jdk.crypto.mscapi jdk.dynalink jdk.internal.ed jdk.editpad jdk.hotspot.agent jdk.httpserver jdk.incubator.vector jdk.internal.le jdk.internal.vm.ci jdk.internal.vm.compiler jdk.internal.vm.compiler.management jdk.jartool jdk.javadoc jdk.jcmd jdk.management jdk.management.agent jdk.jconsole jdk.jdeps jdk.jdwp.agent jdk.jdi jdk.jfr jdk.jlink jdk.jpackage jdk.jshell jdk.jsobject jdk.jstatd jdk.localedata jdk.management.jfr jdk.naming.dns jdk.naming.rmi jdk.net jdk.nio.mapmode jdk.random jdk.sctp jdk.security.auth jdk.security.jgss jdk.unsupported jdk.unsupported.desktop jdk.xml.dom" 
OS_ARCH="x86_64" 
OS_NAME="Windows" 
SOURCE=".:git:254494ad7d75" 
BUILD_SOURCE="git:a612825ee82a20ac872d60958c349854c1f29a8e"
BUILD_SOURCE_REPO="https://github.com/adoptium/temurin-build.git"
SOURCE_REPO="https://github.com/adoptium/jdk21u.git"
FULL_VERSION="21.0.11+10-LTS"
SEMANTIC_VERSION="21.0.11+10"
BUILD_INFO="OS: Windows Server 2022 Version: 10.0"
JVM_VARIANT="Hotspot"
JVM_VERSION="21.0.11+10-LTS"
IMAGE_TYPE="JDK"

Environment Variables:
PATH=C:\Program Files\Eclipse Adoptium\jdk-21.0.11.10-hotspot\bin;C:\Program Files (x86)\Intel\Intel(R) Management Engine Components\iCLS\;C:\Program Files\Intel\Intel(R) Management Engine Components\iCLS\;C:\Windows\system32;C:\Windows;C:\Windows\System32\Wbem;C:\Windows\System32\WindowsPowerShell\v1.0\;C:\Windows\System32\OpenSSH\;C:\Program Files (x86)\Intel\Intel(R) Management Engine Components\DAL;C:\Program Files\Intel\Intel(R) Management Engine Components\DAL;C:\Program Files (x86)\NVIDIA Corporation\PhysX\Common;C:\WINDOWS\system32;C:\WINDOWS;C:\WINDOWS\System32\Wbem;C:\WINDOWS\System32\WindowsPowerShell\v1.0\;C:\WINDOWS\System32\OpenSSH\;C:\Program Files (x86)\Microsoft SQL Server\170\Tools\Binn\;C:\Program Files\Microsoft SQL Server\170\Tools\Binn\;C:\Program Files\Microsoft SQL Server\Client SDK\ODBC\180\Tools\Binn\;C:\Program Files\Microsoft SQL Server\170\DTS\Binn\;C:\Program Files\nodejs\;C:\Program Files\Git\cmd;C:\Users\PC\AppData\Local\Microsoft\WindowsApps;C:\Users\PC\AppData\Roaming\npm;C:\Users\PC\AppData\Local\Programs\Microsoft VS Code\bin;C:\Users\PC\AppData\Local\Programs\DockerDesktop\resources\bin;C:\Program Files\JetBrains\IntelliJ IDEA 2026.2\bin
USERNAME=PC
OS=Windows_NT
PROCESSOR_IDENTIFIER=Intel64 Family 6 Model 142 Stepping 10, GenuineIntel
TMP=C:\Users\PC\AppData\Local\Temp
TEMP=C:\Users\PC\AppData\Local\Temp




Periodic native trim disabled

---------------  S Y S T E M  ---------------

OS:
 Windows 11 , 64 bit Build 26100 (10.0.26100.8875)
OS uptime: 0 days 23:09 hours
Hyper-V role detected

CPU: total 8 (initial active 8) (4 cores per cpu, 2 threads per core) family 6 model 142 stepping 10 microcode 0xe0, cx8, cmov, fxsr, ht, mmx, 3dnowpref, sse, sse2, sse3, ssse3, sse4.1, sse4.2, popcnt, lzcnt, tsc, tscinvbit, avx, avx2, aes, erms, clmul, bmi1, bmi2, adx, fma, vzeroupper, clflush, clflushopt, hv, rdtscp, f16c
Processor Information for the first 8 processors :
  Max Mhz: 1992, Current Mhz: 1792, Mhz Limit: 1792

Memory: 4k page, system-wide physical 8101M (290M free)
TotalPageFile size 17120M (AvailPageFile size 1M)
current process WorkingSet (physical memory assigned to process): 456M, peak: 549M
current process commit charge ("private bytes"): 579M, peak: 605M

vm_info: OpenJDK 64-Bit Server VM (21.0.11+10-LTS) for windows-amd64 JRE (21.0.11+10-LTS), built on 2026-04-21T00:00:00Z by "admin" with MS VC++ 17.12 (VS2022)

END.
